OSM Tag,Font-Awesome 6 Icon,Unicode
0,fa-number-0,\u0030
1,fa-number-1,\u0031
2,fa-number-2,\u0032
3,fa-number-3,\u0033
4,fa-number-4,\u0034
5,fa-number-5,\u0035
6,fa-number-6,\u0036
7,fa-number-7,\u0037
8,fa-number-8,\u0038
9,fa-number-9,\u0039
3d_printing,fa-3d-printer,\uf553
a,fa-A,\u0041
abandoned,fa-building,\uf1ad
aboriginal_lands,fa-map-marker-alt,\uf3c5
abortion,fa-procedures,\uf85e
abutment,fa-building,\uf1ad
academy,fa-graduation-cap,\uf19d
access_aisle,fa-parking,\uf540
access_point,fa-map-marker-alt,\uf3c5
accountant,fa-calculator,\uf1ec
acrylic,fa-cubes,\uf1b3
adherents,fa-users,\uf0c0
adit,fa-mountain,\uf6fc
administration,fa-suitcase,\uf0f2
administrative,fa-gavel,\uf0e3
administrative_cooperation,fa-users,\uf0c0
admission_tickets,fa-ticket-alt,\uf3ff
adoption_agency,fa-child,\uf1ae
adult_gaming_centre,fa-dice-six,\uf526
advertising,fa-ad,\uf641
advertising_agency,fa-bullhorn,\uf0a1
aeration,fa-wind,\uf72e
aerial,fa-radar,\uf924
aero,fa-plane,\uf072
aerobics,fa-dumbbell,\uf44b
aerodrome,fa-plane,\uf072
aeromedical,fa-hospital-user,\uf83d
aeronautical,fa-plane,\uf072
aerospace,fa-space-shuttle,\uf197
aggregate,fa-fill,\uf575
agrarian,fa-tractor,\uf722
agricultural,fa-tractor,\uf722
agricultural_engines,fa-tractor,\uf722
agricultural_supplies,fa-tractor,\uf722
agriculture,fa-tractor,\uf722
agritourism,fa-hotel,\uf594
aikido,fa-fist-raised,\uf6de
air_cooling,fa-snowflake,\uf2dc
air_filling,fa-tint,\uf043
air_force,fa-fighter-jet,\uf0fb
air_obstruction,fa-plane-slash,\uf969
air_rescue_service,fa-helicopter,\uf533
aircraft,fa-plane-alt,\uf3d5
aircraft_control,fa-plane-departure,\uf5b0
aircraft_crossing,fa-plane-slash,\uf969
airfield,fa-plane,\uf072
airport,fa-plane,\uf072
airstrip,fa-road,\uf018
airtanker_base,fa-fire-extinguisher,\uf134
ais,fa-signal,\uf012
albergue,fa-bed,\uf236
alcohol,fa-wine-bottle,\uf72f
alignment,fa-ruler,\uf545
allergology,fa-allergies,\uf461
alley,fa-road,\uf018
allotment_house,fa-home,\uf015
allotments,fa-leaf,\uf06c
alm,fa-mountain,\uf6fc
almond_trees,fa-tree-alt,\uf7e8
alpine_coaster,fa-mountain,\uf6fc
alpine_hut,fa-mountain,\uf6fc
alternative,fa-leaf,\uf06c
aluminium,fa-industry-alt,\uf3ed
aluminium_smelting,fa-industry-alt,\uf3ed
amateur_radio,fa-broadcast-tower,\uf519
ambassadors_residence,fa-house-user,\uf965
ambulance,fa-ambulance,\uf0f9
ambulance_station,fa-ambulance,\uf0f9
ambulatory_care,fa-ambulance,\uf0f9
amenity,fa-circle,\uf111
amenity_grassland,fa-tree,\uf1bb
american,fa-hamburger,\uf805
american_football,fa-football-ball,\uf44e
american_handball,fa-football-ball,\uf44e
ammunition,fa-bomb,\uf1e2
amphi,fa-theater-masks,\uf630
amusement_arcade,fa-gamepad,\uf11b
amusement_ride,fa-ferris-wheel,\uf5ac
anaerobic_digestion,fa-flask,\uf0c3
anaesthetics,fa-syringe,\uf48e
analytic,fa-microscope,\uf610
anchor,fa-anchor,\uf13d
anchorage,fa-anchor,\uf13d
animal,fa-paw,\uf1b0
animal_assisted,fa-paw,\uf1b0
animal_boarding,fa-paw,\uf1b0
animal_breeding,fa-paw,\uf1b0
animal_crossing,fa-deer,\uf78e
animal_effluent_disposal,fa-paw,\uf1b0
animal_feed,fa-paw,\uf1b0
animal_hitch,fa-horse-head,\uf7ab
animal_keeping,fa-paw,\uf1b0
animal_shelter,fa-paw,\uf1b0
animal_training,fa-dog,\uf6d3
animal_trap,fa-paw,\uf1b0
anime,fa-user-ninja,\uf504
antenna,fa-antenna,\uf7f6
anthill,fa-ant,\uf6c5
antiques,fa-hourglass-start,\uf251
apartment,fa-building,\uf1ad
apartments,fa-building,\uf1ad
apiary,fa-bee,\uf7f5
apple_trees,fa-tree-alt,\uf7e8
appliance,fa-blender,\uf517
apron,fa-truck-loading,\uf4de
aquaculture,fa-fish,\uf578
aquarium,fa-fish,\uf578
aqueduct,fa-water,\uf773
arable,fa-tractor,\uf722
arch,fa-archway,\uf557
archaeological,fa-archway,\uf557
archaeological_site,fa-archway,\uf557
archery,fa-bullseye-arrow,\uf648
archery_range,fa-bullseye-arrow,\uf648
archimedes_screw,fa-fan,\uf863
archipelago,fa-map-marked-alt,\uf5a0
architect,fa-ruler-triangle,\uf5fe
architecture,fa-archway,\uf557
architecture_line,fa-drafting-compass,\uf568
archive,fa-archive,\uf187
area,fa-vector-square,\uf5f0
arete,fa-mountain,\uf6fc
army,fa-hat-military,\uf6b4
arresting_gear,fa-anchor,\uf13d
art,fa-paint-brush,\uf1fc
artificial_grass,fa-grass,\uf205
artificial_turf,fa-football-ball,\uf44e
arts_centre,fa-paint-brush,\uf1fc
artwork,fa-image,\uf03e
ash,fa-fire-alt,\uf7e4
asian,fa-utensils,\uf2e7
asl,fa-sign-language,\uf2a7
asparagus,fa-carrot,\uf787
asphalt,fa-road,\uf018
asphalt_plant,fa-industry-alt,\uf3ed
assembly_point,fa-map-marker-alt,\uf3c5
assisted_living,fa-home,\uf015
assisted_self_service,fa-hands-helping,\uf4c4
associatedstreet,fa-map-signs,\uf277
association,fa-users-class,\uf63d
astronomical,fa-atom,\uf5d2
atelier,fa-paint-brush,\uf1fc
athletic,fa-running,\uf70c
athletics,fa-running,\uf70c
atm,fa-money-bill-wave-alt,\uf53b
atoll,fa-water,\uf773
attraction,fa-map-marked-alt,\uf5a0
atv,fa-atv,\uf85f
audio,fa-volume-up,\uf028
audioguide,fa-headphones,\uf025
audiologist,fa-ear,\uf7ac
audit,fa-clipboard-check,\uf46c
australian_football,fa-football-ball,\uf44e
auto,fa-car-crash,\uf5e1
auto_wrecker,fa-car-crash,\uf5e1
automobile,fa-car,\uf1b9
auxiliary,fa-cog,\uf013
avalanche,fa-ice-cream,\uf810
avalanche_dam,fa-exclamation-triangle,\uf071
avalanche_protection,fa-mountain,\uf6fc
avalanche_protector,fa-mountain,\uf6fc
avalanche_transceiver,fa-exclamation-triangle,\uf071
avenue,fa-road,\uf018
aviary,fa-dove,\uf4ba
aviation,fa-plane,\uf072
axe_throwing,fa-axe,\uf6b2
axial_flow,fa-tint-slash,\uf5c7
b,fa-B,\u0042
baby_goods,fa-baby-carriage,\uf77d
baby_hatch,fa-baby-carriage,\uf77d
badminton,fa-shuttlecock,\uf45b
bag,fa-shopping-bag,\uf290
bag_repair,fa-suitcase,\uf0f2
bagel,fa-bread-slice,\uf7ec
bail_bond_agent,fa-handcuffs,\uf4c3
bailiff,fa-gavel,\uf7d9
bakehouse,fa-utensils,\uf2e7
bakery,fa-bread-slice,\uf7ec
baking_oven,fa-utensils,\uf2e7
balancebeam,fa-balance-scale,\uf24e
balcony,fa-building,\uf1ad
balle_pelote,fa-baseball-ball,\uf433
banana_plants,fa-leaf,\uf06c
bananas,fa-banana,\uf2a1
bandstand,fa-music,\uf001
bandy,fa-hockey-puck,\uf453
bank,fa-university,\uf19c
bar,fa-glass-martini-alt,\uf57b
barangay,fa-city,\uf64f
barbecue,fa-drumstick-bite,\uf6d7
bare,fa-mountain,\uf6fc
bare_rock,fa-mountain,\uf6fc
barefoot,fa-foot,\uf5b0
barley,fa-seedling,\uf4d8
barn,fa-home,\uf015
barometric,fa-chart-line,\uf201
barracks,fa-hotel,\uf594
barrage,fa-dam,\uf6fb
barrel,fa-barrel,\uf7b9
barricade,fa-road,\uf018
barrier_board,fa-traffic-cone,\uf636
bascule,fa-level-up-alt,\uf3bf
base,fa-map-marker-alt,\uf3c5
baseball,fa-baseball-ball,\uf433
basic,fa-check,\uf00c
basic_hut,fa-campground,\uf6bb
basin,fa-water,\uf773
basket,fa-shopping-basket,\uf291
basket_maker,fa-shopping-basket,\uf291
basketball,fa-basketball-ball,\uf434
bathing_place,fa-water,\uf773
bathroom_furnishing,fa-toilet,\uf7d8
baths,fa-bath,\uf2cd
batting_cage,fa-baseball-ball,\uf433
battlefield,fa-shield,\uf132
bay,fa-water,\uf773
bbq,fa-fire,\uf06d
beach,fa-umbrella-beach,\uf5ca
beach_hut,fa-umbrella-beach,\uf5ca
beach_resort,fa-umbrella-beach,\uf5ca
beachvolleyball,fa-volleyball-ball,\uf45f
beacon,fa-beacon,\uf1e8
beacon_cardinal,fa-compass,\uf14e
beacon_isolated_danger,fa-exclamation-triangle,\uf71c
beacon_lateral,fa-bullseye,\uf140
beacon_safe_water,fa-ship,\uf21a
beacon_special_purpose,fa-bullhorn,\uf0a1
beam,fa-bezier-curve,\uf55b
bear_box,fa-campground,\uf6bb
beauty,fa-makeup-brush,\uf553
bed,fa-bed,\uf236
bed_and_breakfast,fa-bed,\uf236
beef_bowl,fa-bowl-scoop,\uf2e5
beehive,fa-bee,\uf7f5
beekeeper,fa-bee,\uf7f5
beer,fa-beer,\uf0fc
behavior,fa-brain,\uf5dc
bell,fa-bell,\uf0f3
bell_mouth,fa-bullhorn,\uf0a1
bell_tower,fa-bell,\uf8f3
bench,fa-chair,\uf6c0
benchmark,fa-map-marker-alt,\uf3c5
berm,fa-mountain,\uf6fc
berth,fa-ship,\uf21a
berthing_prohibited,fa-anchor,\uf13d
berthing_restricted,fa-anchor,\uf13d
beverages,fa-glass-martini,\uf000
biathlon,fa-crosshairs,\uf05b
bicycle,fa-bicycle,\uf206
bicycle_library,fa-bicycle,\uf206
bicycle_parking,fa-bicycle,\uf206
bicycle_rental,fa-bicycle,\uf206
bicycle_repair,fa-wrench,\uf0ad
bicycle_repair_station,fa-bicycle,\uf206
bicycle_trailer_sharing,fa-bicycle,\uf206
bicycle_tube,fa-biking,\uf84a
biergarten,fa-beer-mug,\uf0fc
big_wheel,fa-ferris-wheel,\uf5ac
bike_box,fa-biking,\uf84a
bike_parking,fa-bicycle,\uf206
bikeshed,fa-bicycle,\uf206
billboard,fa-clone,\uf24d
billiards,fa-billiards,\uf0b1
bingo_hall,fa-bullseye,\uf140
binoculars,fa-binoculars,\uf1e5
biochemistry,fa-flask,\uf0c3
biofuel,fa-oil-can,\uf613
biogas,fa-gas-pump,\uf52f
biohazard,fa-biohazard,\uf780
biological_haematology,fa-tint,\uf043
biology,fa-biohazard,\uf780
biomass,fa-tree-alt,\uf400
bioreactor,fa-vial,\uf492
bioswale,fa-water,\uf773
bird_bath,fa-water,\uf773
bird_feeder,fa-seedling,\uf4d8
bird_hide,fa-binoculars,\uf1e5
bird_perch,fa-feather-alt,\uf56b
bird_s,fa-feather-alt,\uf56b
birds,fa-crow,\uf520
birds_nest,fa-crow,\uf520
birthing_center,fa-baby-carriage,\uf77d
birthing_centre,fa-hospital-o,\uf0f8
bitmac,fa-road,\uf018
black_red_black,fa-arrows-alt-h,\uf337
blacksmith,fa-hammer,\uf6e3
bleachers,fa-chair,\uf6c0
bleed_control_kit,fa-first-aid,\uf479
block,fa-cube,\uf1b2
blood_bank,fa-hospital,\uf47d
blood_check,fa-notes-medical,\uf481
blood_donation,fa-tint,\uf043
blowhole,fa-wind,\uf72e
blue_plaque,fa-shield,\uf3ed
blueberry_plants,fa-leaf,\uf06c
bluehole,fa-water,\uf773
bmx,fa-bicycle,\uf206
board,fa-chalkboard,\uf51b
boarding_point,fa-map-marker-alt,\uf3c5
boardwalk,fa-shoe-prints,\uf54b
boat,fa-ship,\uf21a
boat_hoist,fa-ship,\uf21a
boat_parts,fa-anchor,\uf13d
boat_rental,fa-ship,\uf21a
boat_repair,fa-wrench,\uf0ad
boat_ride,fa-ship,\uf21a
boat_sharing,fa-ship,\uf21a
boat_storage,fa-warehouse,\uf494
boatbuilder,fa-ship,\uf21a
boathouse,fa-ship,\uf21a
boatyard,fa-warehouse,\uf494
bobsleigh,fa-snowplow,\uf7d2
bocce,fa-bowling-ball,\uf436
body,fa-prosthesis,\uf3d0
body_scale,fa-weight,\uf496
bog,fa-mud-flat,\uf7c5
bogus,fa-exclamation-triangle,\uf071
boil,fa-steam,\uf752
boiler,fa-fire-extinguisher,\uf134
bollard,fa-bollard,\uf55f
bomb_crater,fa-bomb,\uf1e2
bookbinder,fa-book,\uf02d
bookmaker,fa-coins,\uf51e
books,fa-book-open,\uf518
boom,fa-traffic-cone,\uf636
border,fa-border-style,\uf853
border_control,fa-passport,\uf5ab
border_zone,fa-border-style,\uf853
borehole,fa-dungeon,\uf6d9
borough,fa-city,\uf64f
botanical,fa-leaf-heart,\uf5cb
both,fa-balance-scale,\uf24e
bottle_refill,fa-fill-drip,\uf583
bottle_return,fa-recycle,\uf1b8
boule_de_fort,fa-bowling-ball,\uf436
boules,fa-bowling-ball,\uf436
boundary_stone,fa-map-marker-alt,\uf3c5
boutique,fa-tshirt,\uf553
bowling,fa-bowling-ball,\uf436
bowling_alley,fa-bowling-ball,\uf436
bowls,fa-bowling-ball,\uf436
boxing,fa-boxing-glove,\uf438
bracket,fa-square-bracket,\uf3b6
branch,fa-code-branch,\uf126
branch_embassy,fa-university,\uf19c
brazilian,fa-drumstick-bite,\uf6d7
bread,fa-bread-slice,\uf7ec
breakwater,fa-water,\uf773
breton,fa-ship,\uf21a
brewery,fa-beer,\uf0fc
brewing_supplies,fa-beer,\uf0fc
brick,fa-cubes,\uf1b3
brickyard,fa-industry-alt,\uf3ed
bridge,fa-bridge,\uf578
bridleway,fa-horse,\uf6f0
broadleaved,fa-leaf,\uf06c
brook,fa-water,\uf773
brothel,fa-bed,\uf236
brownfield,fa-recycle,\uf1b8
brunch,fa-egg,\uf7fb
bts,fa-mobile-alt,\uf3cd
bubble_tea,fa-glass-whiskey,\uf7a0
bubbler,fa-faucet,\uf905
buddhist,fa-om,\uf679
buddhist_temple,fa-yin-yang,\uf6ad
buffer_stop,fa-exclamation-triangle,\uf071
buggy_parking,fa-parking,\uf540
builder,fa-hard-hat,\uf807
building,fa-building,\uf1ad
building_control,fa-building,\uf1ad
building_materials,fa-hammer,\uf6e3
building_passage,fa-building,\uf1ad
building_supplies,fa-hammer,\uf6e3
building_yard,fa-warehouse,\uf494
buildings,fa-building,\uf1ad
bulk,fa-ship,\uf21a
bullfighting,fa-hat-cowboy-side,\uf8c1
bump,fa-road,\uf018
bump_gate,fa-gate,\uf752
bungalow,fa-home,\uf015
bunker,fa-shield-alt,\uf3ed
bunker_silo,fa-hay-bale,\uf6f4
bunker_station,fa-gas-pump,\uf52f
buoy_cardinal,fa-compass,\uf14e
buoy_installation,fa-bullseye,\uf140
buoy_isolated_danger,fa-exclamation-triangle,\uf71c
buoy_lateral,fa-bullseye,\uf140
buoy_safe_water,fa-ship,\uf21a
buoy_special_purpose,fa-bullhorn,\uf0a1
bureau_de_change,fa-money-bill-wave-alt,\uf53b
burger,fa-hamburger,\uf805
burial_forest,fa-tree,\uf1bb
bus,fa-bus,\uf207
bus_guideway,fa-bus-alt,\uf55e
bus_station,fa-bus,\uf207
bus_stop,fa-bus,\uf207
bus_trap,fa-bus-alt,\uf55e
busbar,fa-plug,\uf1e6
business_machines,fa-print,\uf02f
bust,fa-user-statue,\uf82e
busway,fa-bus,\uf207
butcher,fa-drumstick-bite,\uf6d7
byway_open_to_all_traffic,fa-road,\uf018
c,fa-C,\u0043
cabin,fa-campground,\uf6bb
cabinet_maker,fa-toolbox,\uf552
cable_area,fa-link,\uf0c1
cable_barrier,fa-road,\uf018
cable_car,fa-train,\uf238
cable_overhead,fa-link,\uf0c1
cable_stayed,fa-road,\uf018
cable_submarine,fa-link,\uf0c1
cacao_trees,fa-tree-alt,\uf7e8
cadaster,fa-map-marker-alt,\uf3c5
cadet,fa-user-graduate,\uf501
cafe,fa-coffee,\uf0f4
cafeteria,fa-utensils,\uf2e7
cairn,fa-mountain,\uf6fc
cake,fa-birthday-cake,\uf1fd
caldera,fa-mountain,\uf6fc
calisthenics,fa-dumbbell,\uf44b
call_centre,fa-headset,\uf590
calling_in_point,fa-phone-volume,\uf2a0
camera,fa-camera,\uf030
camp_pitch,fa-campground,\uf6bb
camp_site,fa-campground,\uf6bb
campanile,fa-church,\uf51d
camping,fa-campfire,\uf6ba
can,fa-truck-loading,\uf4de
canadian_football,fa-football-ball,\uf44e
canal,fa-water,\uf773
candles,fa-candle-holder,\uf6f6
cannabis,fa-cannabis,\uf55f
cannon,fa-bomb,\uf1e2
canoe,fa-canoe,\uf6eb
canoe_hire,fa-ship,\uf21a
canoe_pass,fa-ship,\uf21a
canoe_polo,fa-swimmer,\uf5c4
canteen,fa-utensils,\uf2e7
cantilever,fa-road,\uf018
cape,fa-water,\uf773
car,fa-car,\uf1b9
car_painter,fa-paint-roller,\uf5aa
car_parts,fa-car-battery,\uf5df
car_pooling,fa-carpool,\uf697
car_pound,fa-car,\uf1b9
car_rental,fa-car,\uf1b9
car_repair,fa-wrench,\uf0ad
car_service,fa-car-mechanic,\uf5e3
car_sharing,fa-car,\uf1b9
car_wash,fa-car-wash,\uf5b3
caravan,fa-caravan,\uf8ff
caravan_site,fa-caravan,\uf8ff
card_games,fa-award,\uf559
cardiac_surgery,fa-heartbeat,\uf21e
cardiology,fa-heart,\uf004
cardiothoracic_surgery,fa-lungs,\uf604
carousel,fa-horse-carousel,\uf7a0
carpenter,fa-hammer,\uf6e3
carpet,fa-carpet,\uf8e3
carpet_cleaner,fa-spray-can,\uf5bd
carpet_hanger,fa-ruler,\uf545
carpet_layer,fa-wrench,\uf0ad
carpet_washing,fa-bath,\uf2cd
carport,fa-car,\uf1b9
cartpath,fa-road,\uf018
carwash,fa-car-wash,\uf5e1
cashew_trees,fa-tree-alt,\uf7e8
casino,fa-dice,\uf522
cassava,fa-carrot,\uf787
cassava_leaf,fa-cassava_leaf,\uf06c
castle,fa-chess-rook,\uf447
castle_wall,fa-fort-awesome,\uf6d0
castrum,fa-city,\uf64f
catalan,fa-utensils,\uf2e7
catalog,fa-book,\uf02d
caterer,fa-tensils,\uf2e7
cathedral,fa-church,\uf51d
cattle_grid,fa-car-side,\uf5e4
causeway,fa-road,\uf018
cave,fa-cave,\uf6aa
cave_entrance,fa-cave,\uf6aa
cellar_entrance,fa-warehouse-alt,\uf495
cement,fa-square-full,\uf45c
cemetery,fa-monument,\uf5a6
cenotaph,fa-tombstone,\uf720
census,fa-chart-pie,\uf200
central_office,fa-building,\uf1ad
centre,fa-hospital,\uf0f8
centrifugal,fa-tint,\uf043
cereal,fa-seedling,\uf4d8
chain,fa-chain,\uf0c1
chair,fa-chair,\uf6c0
chair_lift,fa-chair,\uf6c0
chalet,fa-home,\uf015
chamber,fa-archway,\uf557
chandler,fa-ship,\uf21a
changing_room,fa-shower,\uf2cc
changing_rooms,fa-running,\uf70c
channel_left,fa-arrow-left,\uf060
channel_left_bank,fa-chevron-circle-left,\uf137
channel_right,fa-arrow-right,\uf061
channel_right_bank,fa-chevron-circle-right,\uf138
channel_separation,fa-ellipsis-h,\uf141
chapel,fa-church,\uf51d
charcoal_pile,fa-fire-alt,\uf7e4
charging_station,fa-charging-station,\uf5e7
charity,fa-hand-holding-heart,\uf4be
check,fa-check,\uf00c
checkpoint,fa-flag-checkered,\uf11e
cheese,fa-cheese,\uf7ef
chemical,fa-vial,\uf492
chemist,fa-pills,\uf484
chess,fa-chess,\uf439
chewing_gums,fa-pepper-mint,\uf7b6
chiaka,fa-signal,\uf012
chicane,fa-random,\uf074
chicken,fa-drumstick-bite,\uf6d7
child_psychiatry,fa-child,\uf1ae
childcare,fa-baby-carriage,\uf77d
children,fa-child,\uf1ae
chiller,fa-snowflake,\uf2dc
chimney,fa-chimney,\uf78f
chimney_sweeper,fa-fire,\uf06d
chinese,fa-utensils,\uf2e7
chinlone,fa-futbol,\uf1e3
chipseal,fa-road,\uf018
chocolate,fa-birthday-cake,\uf1fd
choked_island,fa-stop-circle,\uf28d
choked_table,fa-stop-circle,\uf28d
choker,fa-grip-lines-vertical,\uf7a5
christian,fa-cross,\uf0cf
church,fa-church,\uf51d
churchyard,fa-church,\uf51d
chute_block,fa-box-open,\uf49e
cigarettes,fa-smoking,\uf48d
cill_n,fa-cross,\uf654
cinema,fa-film,\uf008
circuit_breaker,fa-bolt,\uf0e7
circular,fa-sync-alt,\uf2f1
cist,fa-box-open,\uf49e
citadel,fa-city,\uf64f
city,fa-city,\uf64f
city_block,fa-building,\uf1ad
city_gate,fa-landmark,\uf66f
city_limit,fa-city,\uf64f
city_wall,fa-landmark,\uf66f
citymap_post,fa-map-marked-alt,\uf5a0
citywalls,fa-landmark,\uf66f
civic,fa-landmark,\uf66f
civic_admin,fa-building,\uf1ad
civil,fa-balance-scale,\uf24e
civil_parish,fa-city,\uf64f
clarifier,fa-filter,\uf0b0
classroom,fa-chalkboard-teacher,\uf51c
clay,fa-mountain,\uf6fc
clean,fa-spray-can,\uf5bd
cleaning,fa-broom,\uf51a
clearcut,fa-tree,\uf1bb
cliff,fa-mountain,\uf6fc
cliff_diving,fa-water,\uf773
cliff_dwelling,fa-mountain,\uf6fc
climbing,fa-mountain,\uf6fc
climbing_adventure,fa-mountain,\uf6fc
climbingframe,fa-mountain,\uf6fc
climbingwall,fa-mountain,\uf6fc
clinic,fa-hospital-alt,\uf47d
clinical_pathology,fa-microscope,\uf610
cloakroom,fa-coat-check,\uf51b
clock,fa-clock,\uf017
clockmaker,fa-clock,\uf017
clothes,fa-tshirt,\uf553
clothes_dryer,fa-tshirt,\uf553
clothing_bank,fa-tshirt,\uf553
club,fa-users,\uf0c0
club_home,fa-home,\uf015
club_house,fa-home,\uf015
clubhouse,fa-users,\uf0c0
coach,fa-bus,\uf207
coal,fa-industry,\uf275
coast_guard,fa-ship,\uf21a
coast_radar_station,fa-ship,\uf21a
coast_radio,fa-broadcast-tower,\uf519
coastguard_station,fa-shield-alt,\uf3ed
coastline,fa-water,\uf773
coaxial,fa-sitemap,\uf0e8
cobblestone,fa-road,\uf018
cockfighting,fa-feather-alt,\uf56b
coconut_palms,fa-tree-palm,\uf82b
coffea_plants,fa-leaf,\uf06c
coffee,fa-coffee,\uf0f4
coffee_shop,fa-coffee,\uf0f4
coin_change_machine,fa-coins,\uf51e
coin_rolls,fa-money-bill-wave-alt,\uf53b
col,fa-mountain,\uf6fc
collector,fa-museum,\uf7c3
college,fa-university,\uf19c
columbarium,fa-urn,\uf7e6
column,fa-columns,\uf0db
combined_cycle,fa-cogs,\uf085
combustion,fa-fire,\uf06d
combustion_engine,fa-industry-alt,\uf3b3
comic,fa-book-open,\uf518
commercial,fa-building,\uf1ad
commercial_broadcast,fa-broadcast-tower,\uf519
common,fa-flag,\uf024
communication,fa-satellite-dish,\uf7c0
communication_area,fa-satellite-dish,\uf7c0
communications_tower,fa-broadcast-tower,\uf519
community,fa-users,\uf0c0
community_center,fa-users,\uf0c0
community_centre,fa-users,\uf0c0
community_hall,fa-users,\uf0c0
community_health_worker,fa-users-medical,\uf830
compacted,fa-layer-group,\uf5fd
company,fa-building,\uf1ad
compass_rose,fa-compass,\uf14e
compensation,fa-hand-holding-usd,\uf4c0
complete,fa-check-circle,\uf058
compressed_air,fa-compress,\uf066
compressor,fa-compress,\uf066
computer,fa-laptop,\uf109
concert_hall,fa-music,\uf001
concession_stand,fa-shopping-basket,\uf291
concrete,fa-industry-alt,\uf3ed
concrete_lanes,fa-road,\uf018
concrete_plant,fa-industry-alt,\uf3ed
concrete_plates,fa-road,\uf018
condoms,fa-venus-mars,\uf222
cone,fa-cone,\uf6b1
confectionery,fa-candy-cane,\uf786
conference_centre,fa-microphone,\uf130
conical,fa-cone,\uf7d1
connection,fa-link,\uf0c1
connection_point,fa-share-alt,\uf1e0
conservation,fa-leaf,\uf06c
conservatory,fa-leaf,\uf06c
consol,fa-desktop-alt,\uf390
conspicuous,fa-eye-slash,\uf070
construction,fa-hard-hat,\uf807
construction_company,fa-hard-hat,\uf6e8
consular_agency,fa-building,\uf1ad
consular_office,fa-building,\uf1ad
consulate,fa-building,\uf1ad
consulate_general,fa-building,\uf1ad
consulting,fa-comments-dollar,\uf653
contact_lenses,fa-eye,\uf06e
contact_line,fa-power-off,\uf011
container,fa-shipping-fast,\uf48b
contamination,fa-radiation-alt,\uf7ba
continent,fa-globe,\uf0ac
continuous_green,fa-traffic-light-go,\uf637
control_centre,fa-tv,\uf26c
convenience,fa-store,\uf54f
convent,fa-church,\uf51d
convention_centre,fa-building,\uf1ad
cooling,fa-fan,\uf863
cooling_tower,fa-thermometer-empty,\uf2cb
cooper,fa-hammer,\uf6e3
cooperative,fa-hand-holding-usd,\uf4c0
copper,fa-coins,\uf51e
copyshop,fa-print,\uf02f
core_path,fa-road,\uf018
corn,fa-ear-corn,\uf6c7
corridor,fa-road,\uf018
cosmetics,fa-makeup-brush,\uf553
couloir,fa-mountain,\uf6fc
counselling,fa-comment-medical,\uf7f5
country,fa-flag,\uf024
country_store,fa-store-alt,\uf54f
county,fa-map,\uf279
coupure,fa-cut,\uf0c4
courier,fa-shipping-fast,\uf48b
courthouse,fa-balance-scale,\uf24e
courtyard,fa-home,\uf015
couscous,fa-bowl-scoop,\uf2e5
covered,fa-road,\uf018
coworking,fa-couch,\uf4b8
coworking_space,fa-users,\uf0c0
cowshed,fa-cow,\uf6c0
craft,fa-palette,\uf53f
crane,fa-crane,\uf6a5
crank,fa-cog,\uf013
crannog,fa-water,\uf773
creamery,fa-cheese,\uf7ef
crematorium,fa-cross,\uf654
crematory,fa-urn,\uf7e4
crepe,fa-crepe,\uf7a8
crevasse,fa-mountain,\uf6fc
cricket,fa-cricket,\uf449
cricket_nets,fa-baseball,\uf433
crop,fa-seedling,\uf4a0
croquet,fa-golf-ball,\uf450
cross,fa-cross,\uf654
cross_connect,fa-sitemap,\uf0e8
cross_country,fa-running,\uf70c
crossfit,fa-dumbbell,\uf44b
crossing,fa-road,\uf018
crossing_box,fa-road,\uf018
crossing_controller,fa-traffic-light,\uf637
crossover,fa-road,\uf018
crossover_left,fa-exchange-alt,\uf362
crossover_right,fa-exchange-alt,\uf362
crucifix,fa-church,\uf51d
cruise,fa-ship,\uf21a
crypt,fa-church,\uf51d
cultural_centre,fa-landmark,\uf66f
culture,fa-theater-masks,\uf630
culture_center,fa-theater-masks,\uf630
culvert,fa-tunnel,\uf6b7
curling,fa-database,\uf1c0
curry,fa-pepper-hot,\uf816
curtain,fa-curtain,\uf6e1
curve,fa-road,\uf018
curves,fa-road,\uf018
cushion,fa-circle,\uf111
customers,fa-user-friends,\uf500
customs,fa-passport,\uf5ab
cut,fa-cut,\uf0c4
cutline,fa-cut,\uf0c4
cycle_ball,fa-bicycle,\uf206
cycle_barrier,fa-biking,\uf84a
cycle_polo,fa-bicycle,\uf206
cycleway,fa-biking,\uf84a
cycling,fa-bicycle,\uf206
cyclists,fa-bicycle,\uf206
cylinder,fa-cylinder,\uf849
czech_hedgehog,fa-bomb,\uf1e2
d,fa-D,\u0044
dairy,fa-cheese,\uf7ef
dam,fa-dice-six,\uf524
damaged_road,fa-exclamation-triangle,\uf071
dance,fa-dance,\uf51a
dancing,fa-dance-disco,\uf567
dancing_school,fa-dance-duotone,\uf567
danger_area,fa-exclamation-circle,\uf06a
danger_left,fa-arrow-left,\uf060
danger_right,fa-arrow-right,\uf061
dangerous,fa-exclamation-triangle,\uf071
dangerous_junction,fa-exclamation-triangle,\uf071
darts,fa-bullseye,\uf140
data_center,fa-server,\uf233
data_centre,fa-server,\uf233
data_protection,fa-shield-alt,\uf3ed
date_palms,fa-tree-palm,\uf82b
day,fa-sun,\uf185
day_care,fa-baby,\uf77c
dead_pub,fa-beer,\uf0fc
dealer,fa-car,\uf1b9
debris,fa-dumpster,\uf793
deciduous,fa-leaf,\uf06c
declaration,fa-file-signature,\uf573
decoturf,fa-basketball-ball,\uf433
deep_well,fa-water,\uf773
default,fa-map-marker-alt,\uf3c5
defensive,fa-shield-alt,\uf3ed
defibrillator,fa-heartbeat,\uf21e
delegation,fa-flag,\uf024
deli,fa-drumstick-bite,\uf6d7
delineated,fa-border-all,\uf84c
delivery,fa-truck,\uf0d1
deluxe,fa-star,\uf005
demountable,fa-dumpster,\uf793
dense,fa-compress-alt,\uf422
dental_oral_maxillo_facial_surgery,fa-tooth,\uf5c9
dental_technician,fa-tooth,\uf5c9
dentist,fa-tooth,\uf5c9
dentures,fa-tooth,\uf5c9
department_store,fa-shopping-bag,\uf290
depot,fa-warehouse,\uf494
depth,fa-ruler-vertical,\uf548
derail,fa-train,\uf238
derelict_canal,fa-water,\uf773
dermatology,fa-allergies,\uf461
dermatovenereology,fa-virus-slash,\uf6ad
desalination_plant,fa-tint-slash,\uf5c7
desert,fa-water,\uf773
desert_kite,fa-wind,\uf72e
designated,fa-map-marker-alt,\uf3c5
desire,fa-heart,\uf004
dessert,fa-ice-cream,\uf810
destination,fa-map-marker-check,\uf6d4
detached,fa-home,\uf015
detention,fa-warehouse,\uf494
detour,fa-exchange-alt,\uf362
deutsche_post,fa-envelope,\uf0e0
device_charging_station,fa-charging-station,\uf5e7
diagnostic_radiology,fa-x-ray,\uf497
diagonal,fa-grip-lines-diagonal,\uf7d6
dialysis,fa-notes-medical,\uf481
diamond,fa-gem,\uf3a5
diaphone,fa-volume-up,\uf028
diaphragm,fa-filter,\uf0b0
diesel,fa-gas-pump,\uf52f
digester,fa-flask,\uf0c3
dip,fa-road,\uf018
diplomatic,fa-flag-usa,\uf74d
direct,fa-arrow-right,\uf061
direction_finding,fa-map-signs,\uf277
directional,fa-arrows-alt,\uf0b2
dirt,fa-mountain,\uf6fc
disaster_help_point,fa-map-marker-alt,\uf3c5
disaster_response,fa-first-aid,\uf479
disc_golf,fa-flying-disc,\uf6d8
disc_golf_course,fa-golf-ball,\uf450
disconnector,fa-toggle-off,\uf204
discouraged,fa-car-alt,\uf5de
discus_throw,fa-discus,\uf566
dish,fa-satellite-dish,\uf7c0
dish_aerial,fa-satellite-dish,\uf7c0
dismount,fa-horse,\uf0e0
displaced_people,fa-home,\uf015
displaced_threshold,fa-plane-slash,\uf969
disputed,fa-exclamation-triangle,\uf071
distance_mark,fa-arrows-alt-h,\uf337
distillery,fa-wine-bottle,\uf72f
distribution,fa-cogs,\uf085
distribution_point,fa-map-signs,\uf277
distributor,fa-shipping-box,\uf5d4
district,fa-map,\uf279
disused,fa-building,\uf1ad
ditch,fa-dumpster,\uf793
dive_centre,fa-swimmer,\uf5c4
diving,fa-swimming-pool,\uf5d5
diving_center,fa-swimmer,\uf5c4
dme,fa-satellite-dish,\uf7c0
dock,fa-ship,\uf21a
doctor,fa-stethoscope,\uf0f1
doctors,fa-user-md,\uf0f0
dog_agility,fa-paw,\uf1b0
dog_bin,fa-dog,\uf6d3
dog_excrement,fa-poop,\uf619
dog_park,fa-dog,\uf6d3
dog_parking,fa-paw,\uf1b0
dog_racing,fa-dog,\uf6d3
dog_toilet,fa-biohazard,\uf780
dog_waste_bin,fa-dog,\uf6d3
doityourself,fa-hammer,\uf6e3
dojo,fa-fist-raised,\uf6af
doline,fa-mountain,\uf6fc
dolmen,fa-mountain,\uf6fc
dolphin,fa-ship,\uf21a
dome,fa-circle,\uf111
donation,fa-hand-holding-heart,\uf4c9
donut,fa-donut,\uf369
door,fa-door-closed,\uf52a
door_construction,fa-door-open,\uf52b
doors,fa-door-closed,\uf52a
dormitory,fa-bed,\uf236
double_dip,fa-map-signs,\uf277
dovecote,fa-dove,\uf4ba
down,fa-arrow-down,\uf063
downhill,fa-mountain,\uf6fc
drag_lift,fa-skiing-nordic,\uf7ca
dragon_boat,fa-swimmer,\uf5c4
drain,fa-dumpster,\uf793
drawbridge,fa-level-up-alt,\uf3bf
dredged_area,fa-tint-slash,\uf5c7
dressing_room,fa-tshirt,\uf553
dressmaker,fa-tshirt,\uf553
drinking,fa-glass-whiskey-rocks,\uf7a8
drinking_fountain,fa-tint,\uf043
drinking_water,fa-tint,\uf043
drinks,fa-cocktail,\uf561
drive_through,fa-car,\uf1b9
driver_training,fa-car-crash,\uf5e1
driver_training_area,fa-car-alt,\uf5de
driveway,fa-road,\uf018
driving,fa-car-side,\uf5e4
driving_range,fa-golf-ball,\uf450
driving_school,fa-car,\uf1b9
drugs,fa-pills,\uf484
dry,fa-hand-holding,\uf4c2
dry_cleaning,fa-tshirt,\uf553
dry_cooling,fa-snowflake,\uf2dc
dry_dock,fa-ship,\uf21a
dry_stone,fa-cubes,\uf1b2
drydock,fa-ship,\uf21a
dryer,fa-tshirt,\uf553
drystream,fa-water-slash,\uf773
dumping_ground,fa-trash-alt,\uf1f8
dumpling,fa-bread-slice,\uf7ec
dune,fa-water,\uf773
dune_system,fa-mountain,\uf6fc
dunes,fa-mountain,\uf6fc
duplex,fa-home,\uf015
durian_trees,fa-tree-alt,\uf7e8
dvb_t,fa-broadcast-tower,\uf519
dvb_t2,fa-satellite-dish,\uf7c0
dvor,fa-satellite-dish,\uf7c0
dynamic_bump,fa-map-signs,\uf277
e,fa-E,\u0045
e_cigarette,fa-smoking,\uf48d
e_cigarettes,fa-smoking,\uf48d
earth,fa-globe,\uf0ac
earth_bank,fa-mountain,\uf6fc
earthing,fa-battery-empty,\uf244
earthwork,fa-tractor,\uf722
ecological_reserve,fa-tree,\uf1bb
education,fa-graduation-cap,\uf19d
educational_institution,fa-graduation-cap,\uf19d
eductor_jet,fa-fire-extinguisher,\uf134
eggs,fa-egg,\uf7fb
electric_motor,fa-bolt,\uf0e7
electrical,fa-plug,\uf1e6
electrician,fa-bolt,\uf0e7
electricity,fa-bolt,\uf0e7
electronics,fa-laptop,\uf109
electronics_repair,fa-microchip,\uf2db
elevator,fa-elevator,\uf779
elongated_coin,fa-medal,\uf5a2
embankment,fa-road,\uf018
embassy,fa-building,\uf1ad
embroiderer,fa-needle,\uf5d1
emergency,fa-exclamation-triangle,\uf071
emergency_access,fa-ambulance,\uf0f9
emergency_access_point,fa-exclamation-circle,\uf06a
emergency_bay,fa-ambulance,\uf0f9
emergency_phone,fa-phone,\uf095
emergency_service,fa-ambulance,\uf0f9
emergency_services,fa-ambulance,\uf0f9
emergency_vehicles,fa-ambulance,\uf0f9
emergency_ward_entrance,fa-hospital,\uf0f8
empanada,fa-bread-slice,\uf7ec
employees,fa-user-tie,\uf508
employment_agency,fa-user-tie,\uf508
enclosure,fa-border-style,\uf853
endocrinology,fa-diagnoses,\uf470
energy,fa-lightbulb,\uf0eb
energy_supplier,fa-charging-station,\uf5e7
engineer,fa-cogs,\uf085
engineering,fa-cogs,\uf085
engraver,fa-pen-nib,\uf5ad
entrance,fa-sign-in-alt,\uf2f6
entry_prohibited,fa-ban,\uf05e
epoxy,fa-cubes,\uf1b3
equestrian,fa-horse,\uf6f0
eroski,fa-store,\uf54f
erotic,fa-grin-tongue-squint,\uf58b
escape,fa-sign-out-alt,\uf2f5
escape_game,fa-door-open,\uf52b
esker,fa-mountain,\uf6fc
esoteric,fa-hamsa,\uf665
estate_agent,fa-building,\uf1ad
estavelle,fa-mountain,\uf6fc
eucalypt,fa-tree,\uf1bb
ev_charging,fa-battery-full,\uf240
evacuation,fa-people-arrows,\uf968
evaporation,fa-water,\uf773
event,fa-calendar-alt,\uf073
events,fa-calendar-alt,\uf073
events_centre,fa-calendar-alt,\uf073
events_venue,fa-calendar-alt,\uf073
evergreen,fa-tree,\uf1bb
excavation,fa-digging,\uf85e
exceptional_structure,fa-exclamation-circle,\uf06a
exchange,fa-exchange-alt,\uf362
exclave,fa-map-marker-alt,\uf3c5
excluded,fa-ban,\uf05e
exclusion_zone,fa-ban,\uf05e
exclusive,fa-user-lock,\uf502
excrement_bags,fa-poop,\uf619
exercise_area,fa-running,\uf70c
exercise_point,fa-dumbbell,\uf44b
exhibition_centre,fa-calendar-alt,\uf073
exit,fa-sign-out-alt,\uf2f5
explosion,fa-bomb,\uf1e2
explosive,fa-bomb,\uf1e2
expressive,fa-paint-brush,\uf1fc
extended,fa-long-arrow-alt-right,\uf30b
extinguished,fa-times-circle,\uf2ed
f,fa-F,\u0046
fab_lab,fa-tools,\uf7d9
fabric,fa-tape,\uf4db
facility,fa-industry,\uf275
factory,fa-industry,\uf275
fairground,fa-ferris-wheel,\uf5ac
fairway,fa-golf-course,\uf5a0
falconry,fa-feather-alt,\uf56b
falling_rocks,fa-mountain,\uf6fc
family_centre,fa-home-heart,\uf4c9
fan,fa-fan,\uf863
farm,fa-tractor,\uf722
farm_auxiliary,fa-tractor,\uf722
farmland,fa-tractor,\uf722
farmyard,fa-horse,\uf6f0
fashion,fa-tshirt,\uf553
fashion_accesories,fa-umbrella,\uf0e9
fashion_accessories,fa-umbrella,\uf0e9
fast_food,fa-hamburger,\uf805
fast_growing_wood,fa-tree,\uf1bb
fault,fa-exclamation-triangle,\uf071
feeding_place,fa-utensils,\uf2e7
fell,fa-mountain,\uf6fc
female,fa-venus,\uf221
feminine_hygiene,fa-female,\uf182
fen,fa-water,\uf773
fence,fa-fence,\ufc8e
fencing,fa-fencer,\uf6e1
fender,fa-hand-holding-heart,\uf4c9
ferry,fa-ship,\uf21a
ferry_cable,fa-link,\uf0c1
ferry_independent,fa-ship,\uf21a
ferry_non_independent,fa-ship,\uf21a
ferry_terminal,fa-ship,\uf21a
fertility,fa-venus-mars,\uf228
festival_grounds,fa-music,\uf001
field_hockey,fa-hockey-puck,\uf453
field_shelter,fa-campground,\uf6bb
field_system,fa-map,\uf279
filter,fa-filter,\uf0b0
financial,fa-money-bill-wave,\uf53a
financial_advice,fa-money-bill,\uf0d6
financial_advisor,fa-piggy-bank,\uf4d3
fine_gravel,fa-layer-group,\uf5fd
fire,fa-fire-extinguisher,\uf134
fire_alarm_box,fa-fire-extinguisher,\uf134
fire_blanket,fa-fire-extinguisher,\uf134
fire_equipment,fa-fire-extinguisher,\uf134
fire_exit,fa-sign-out-alt,\uf2f5
fire_extinguisher,fa-fire-extinguisher,\uf134
fire_flapper,fa-fire-extinguisher,\uf134
fire_hose,fa-fire-extinguisher,\uf134
fire_hydrant,fa-fire-extinguisher,\uf134
fire_lookout,fa-fire-extinguisher,\uf134
fire_point_stand,fa-fire-extinguisher,\uf134
fire_sand_bin,fa-fire-extinguisher,\uf134
fire_service_inlet,fa-fire-extinguisher,\uf134
fire_station,fa-fire-extinguisher,\uf134
fire_water_pond,fa-fire-extinguisher,\uf134
firepit,fa-fire,\uf06d
fireplace,fa-fireplace,\uf79a
firing,fa-bullseye,\uf140
first_aid,fa-medkit,\uf0fa
first_aid_kit,fa-first-aid,\uf479
first_aid_school,fa-first-aid,\uf479
firstaid,fa-medkit,\uf0fa
fish,fa-fish,\uf578
fish_and_chips,fa-potato,\uf50f
fish_farm,fa-fish,\uf578
fish_pass,fa-fish,\uf578
fish_spa,fa-fish,\uf578
fishing,fa-fish,\uf578
fishing_bait,fa-fish,\uf578
fishing_tackle,fa-fish,\uf578
fission,fa-radiation-alt,\uf7ba
fitness,fa-dumbbell,\uf44b
fitness_centre,fa-dumbbell,\uf44b
fitness_station,fa-running,\uf70c
fitness_trail,fa-running,\uf70c
five_a_side,fa-futbol,\uf1e3
fives,fa-baseball-ball,\uf433
fixed_point,fa-map-pin,\uf276
fjord,fa-water,\uf773
flag,fa-flag,\uf024
flagpole,fa-flag,\uf024
flagstaff,fa-flag,\uf024
flame_trench,fa-fire,\uf06d
flare,fa-flame,\uf6df
flare_header,fa-bullhorn,\uf0a1
flare_stack,fa-flame,\uf6df
flat,fa-square,\uf0c8
flight_school,fa-plane,\uf072
floating,fa-ship,\uf21a
floating_barrier,fa-life-ring,\uf1cd
floating_storage,fa-ship,\uf21a
flood,fa-tint-slash,\uf5c7
flood_mark,fa-tint-slash,\uf5c7
flood_wall,fa-water,\uf773
flooded,fa-water,\uf773
floodlight,fa-lightbulb,\uf0eb
floor_mounted_crane,fa-wrench,\uf0ad
floorball,fa-hockey-puck,\uf453
floorer,fa-toolbox,\uf552
flooring,fa-layer-group,\uf5fd
florist,fa-seedling,\uf4d8
flower_seeds,fa-seedling,\uf4d8
flowerbed,fa-seedling,\uf4a0
flowers,fa-flower,\uf6d2
flowline,fa-arrows-alt-v,\uf338
fog,fa-smog,\uf75f
fog_detector,fa-fog,\uf74e
foldable_pie_slice,fa-expand-arrows,\uf31d
folly,fa-hat-witch,\uf6e7
font,fa-font,\uf031
food,fa-utensils,\uf2e7
food_bank,fa-hamburger,\uf805
food_court,fa-utensils,\uf2e7
food_sharing,fa-box-open,\uf49e
foot,fa-walking,\uf554
foot_bath,fa-shoe-prints,\uf54b
foot_shower,fa-shower,\uf2cc
football,fa-futbol,\uf1e3
footballgolf,fa-golf-ball,\uf450
footbath,fa-shoe-prints,\uf54b
footway,fa-walking,\uf554
footwear_decontamination,fa-shoe-prints,\uf54b
forest,fa-tree,\uf1bb
forest_compartment,fa-tree,\uf1bb
forestry,fa-tree,\uf1bb
forestry_compartment,fa-tree,\uf1bb
fort,fa-chess-rook,\uf447
fortification,fa-shield-alt,\uf3ed
fortress,fa-landmark,\uf66f
fossil,fa-skull-crossbones,\uf714
foul_ground,fa-exclamation-triangle,\uf071
foundation,fa-hands-heart,\uf4c4
fountain,fa-fountain,\uf53e
four_square,fa-border-all,\uf84c
frail_pedestrians,fa-wheelchair,\uf193
frame,fa-border-all,\uf84c
francis_turbine,fa-fan,\uf863
free_flying,fa-parachute-box,\uf4cd
freemasonry,fa-square-and-compass,\uf46d
freeshop,fa-shopping-bag,\uf290
freestanding,fa-archway,\uf557
french,fa-utensils,\uf2e7
fridge,fa-temperature-frigid,\uf768
friture,fa-potato,\uf50f
frost_fan,fa-wind,\uf72e
frost_heave,fa-temperature-low,\uf76b
frozen_food,fa-snowflake,\uf2dc
fuel,fa-gas-pump,\uf52f
fuel_column,fa-gas-pump,\uf52f
fuel_pump,fa-gas-pump,\uf52f
fuel_station,fa-gas-pump,\uf52f
full_height_turnstile,fa-gate,\uf752
fumarole,fa-fire,\uf06d
funding,fa-money-check,\uf53c
funeral_directors,fa-cross,\uf654
funeral_hall,fa-place-of-worship,\uf67f
funicular,fa-angle-double-up,\uf102
funnel_ball,fa-baseball-ball,\uf433
furniture,fa-couch,\uf4b8
fusion,fa-radiation,\uf7b9
futsal,fa-futbol,\uf1e3
g,fa-G,\u0047
gabled,fa-square,\uf0c8
gaelic_games,fa-hurling,\uf45f
gaga,fa-baseball-ball,\uf433
gallery,fa-images,\uf302
gallery_grave,fa-church,\uf51d
gallows,fa-glass-martini,\uf000
gambling,fa-dice,\uf522
game_feeding,fa-utensils,\uf2e7
games,fa-gamepad,\uf11b
gantry,fa-truck-loading,\uf4de
gantry_crane,fa-wrench,\uf0ad
garage,fa-warehouse,\uf494
garages,fa-car,\uf1b9
garden,fa-leaf,\uf06c
garden_centre,fa-leaf,\uf06c
garden_furniture,fa-chair,\uf6c0
garden_machinery,fa-tractor,\uf722
gardener,fa-leaf,\uf06c
gas,fa-gas-pump,\uf52f
gas_bottles,fa-gas-pump,\uf52f
gas_dehydrator,fa-industry-alt,\uf3ed
gas_turbine,fa-gas-pump,\uf52f
gas_well,fa-oil-can,\uf613
gasification,fa-fire-alt,\uf7e4
gasoline,fa-gas-pump,\uf52f
gasometer,fa-industry,\uf275
gastroenterological_surgery,fa-stomach,\uf623
gastroenterology,fa-stomach,\uf623
gate,fa-gate,\uf52f
gatehouse,fa-chess-rook,\uf447
gathering,fa-users,\uf0c0
gazebo,fa-campground,\uf6bb
gear,fa-cogs,\uf085
general,fa-store,\uf54e
generation,fa-bolt,\uf0e7
geodesist,fa-map-marked-alt,\uf5a0
geoglyph,fa-map-marked-alt,\uf5a0
geothermal,fa-mountain,\uf6fc
geothermal_area,fa-thermometer-half,\uf2c9
geothermal_field,fa-thermometer-half,\uf2c9
ger,fa-campground,\uf6bb
geriatrics,fa-wheelchair,\uf193
german,fa-utensils,\uf2e7
geyser,fa-thermometer-half,\uf2c9
ghost_bike,fa-bicycle,\uf206
gift,fa-gift,\uf06b
give_box,fa-box-open,\uf49e
give_way,fa-hand-paper,\uf256
glacier,fa-snowflake,\uf2dc
glassblower,fa-wine-glass,\uf4e3
glasshouse,fa-leaf,\uf06c
glaziery,fa-window-restore,\uf2d2
gliding,fa-wind,\uf72e
globe,fa-globe,\uf0ac
gold_buyer,fa-hand-holding-usd,\uf4c0
goldsmith,fa-ring,\uf70b
golf,fa-golf-ball,\uf450
golf_cart,fa-golf-cart,\uf699
golf_course,fa-golf-ball,\uf450
gondola,fa-car,\uf1b9
gong,fa-drum,\uf569
goods,fa-shipping-fast,\uf48b
goods_conveyor,fa-shipping-fast,\uf48b
goods_distribution,fa-truck,\uf0d1
gorge,fa-mountain,\uf6fc
government,fa-landmark,\uf66f
governmental,fa-landmark,\uf66f
graduation_tower,fa-graduation-cap,\uf19d
grain,fa-wheat,\uf72e
grandstand,fa-chair,\uf6c0
granite,fa-mountain,\uf6fc
grape,fa-wine-bottle,\uf72f
graphic_design,fa-palette,\uf53f
grass,fa-leaf,\uf06c
grass_paver,fa-leaf,\uf06c
grassland,fa-leaf,\uf06c
grate,fa-align-justify,\uf039
grave,fa-tombstone,\uf720
grave_field,fa-bone,\uf50d
grave_yard,fa-cross,\uf654
gravel,fa-fill,\uf575
gravitational,fa-globe,\uf0ac
greek,fa-utensils,\uf2e7
green,fa-golf-flag,\uf453
greenery,fa-tree,\uf1bb
greenfield,fa-leaf,\uf06c
greengrocer,fa-carrot,\uf787
greenhouse,fa-leaf,\uf06c
greenhouse_horticulture,fa-leaf,\uf06c
grill,fa-drumstick-bite,\uf6d7
grinding_mill,fa-cog,\uf013
grit,fa-hard-hat,\uf807
grit_bin,fa-trash-alt,\uf2ed
gritting,fa-snowplow,\uf7d2
grocery,fa-shopping-cart,\uf07a
grotto,fa-cave,\uf6ec
ground,fa-layer-group,\uf5fd
ground_clearance,fa-ruler-vertical,\uf548
ground_station,fa-satellite-dish,\uf7c0
groundskeeping,fa-cut,\uf0c4
group_home,fa-users,\uf0c0
groyne,fa-water,\uf773
gsm_r,fa-mobile-alt,\uf3cd
guard_rail,fa-shield-alt,\uf3ed
guard_stone,fa-shield-alt,\uf3ed
guardhouse,fa-shield-alt,\uf3ed
guest,fa-user-friends,\uf500
guest_house,fa-bed,\uf236
guide,fa-compass,\uf14e
guidepost,fa-map-marker-alt,\uf3c5
gulf,fa-water,\uf773
gully,fa-mountain,\uf6fc
gun_emplacement,fa-cog,\uf013
gurdwara,fa-place-of-worship,\uf67f
guy,fa-arrows-alt-v,\uf338
guy_wire,fa-arrows-alt-v,\uf338
guyed_lattice,fa-tower,\uf5fb
guyed_tube,fa-tower,\uf5fb
gym,fa-dumbbell,\uf44b
gymnastics,fa-gymnastics,\uf7ab
gynaecology,fa-venus,\uf221
gyros,fa-drumstick-bite,\uf6d7
h,fa-H,\u0048
haberdashery,fa-tshirt,\uf553
hackerspace,fa-laptop-code,\uf5fc
haematology,fa-tint,\uf043
haha,fa-shapes,\uf61f
hairdresser,fa-cut,\uf0c4
hairdresser_supply,fa-palette,\uf53f
hairpin,fa-road,\uf018
half_hipped,fa-square,\uf0c8
hall_of_residence,fa-hotel,\uf594
halt,fa-subway,\uf239
halting_site,fa-map-marker-alt,\uf3c5
hamlet,fa-home,\uf015
hammam,fa-hot-tub,\uf593
hammer_throw,fa-hammer,\uf6e3
hampshire_gate,fa-gate,\uf752
handball,fa-handball-ball,\uf55f
handicraft,fa-paint-brush,\uf1fc
handrail,fa-hand-holding,\uf4bd
hangar,fa-warehouse,\uf494
hapkido,fa-fist-raised,\uf6de
harbour,fa-anchor,\uf13d
harbour_left,fa-anchor,\uf13d
harbour_limits,fa-anchor,\uf13d
harbour_master,fa-anchor,\uf13d
harbour_right,fa-anchor,\uf13d
harbourmaster,fa-ship,\uf21a
hard,fa-stop-circle,\uf28d
hard_court,fa-table-tennis,\uf45d
hardened_aircraft_shelter,fa-plane,\uf072
hardware,fa-toolbox,\uf552
harley_davidson,fa-motorcycle,\uf21c
hay,fa-hay-bale,\uf6f4
hazard,fa-exclamation-triangle,\uf071
headrace,fa-water,\uf773
health,fa-heartbeat,\uf21e
health_food,fa-apple-alt,\uf5d1
health_post,fa-hospital-alt,\uf47d
healthcare,fa-hospital,\uf0f8
heap,fa-trash,\uf1f8
hearing_aids,fa-deaf,\uf2a4
heat_pump,fa-temperature-high,\uf769
heath,fa-leaf,\uf06c
heating,fa-thermometer-full,\uf2c7
heating_station,fa-thermometer-half,\uf2c9
hectometres,fa-ruler-horizontal,\uf547
hedge,fa-leaf,\uf06c
hedge_bank,fa-leaf,\uf06c
height_restrictor,fa-arrows-alt-v,\uf338
helipad,fa-helicopter,\uf533
heliport,fa-helicopter,\uf533
hepatology,fa-virus,\uf6a0
herbalist,fa-leaf,\uf06c
heritage,fa-landmark,\uf66f
hgv,fa-truck,\uf0d1
hifi,fa-music,\uf001
high_commission,fa-university,\uf19c
high_jump,fa-shoe-prints,\uf54b
highwater_mark,fa-tint-slash,\uf5c7
highway,fa-road,\uf018
highway_strip,fa-road,\uf018
hike,fa-hiking,\uf6ec
hiking,fa-hiking,\uf6ec
hill,fa-mountain,\uf6fc
hill_fort,fa-mountain,\uf6fc
hindu,fa-om,\uf679
hipped,fa-square,\uf0c8
hirail_access,fa-train,\uf238
historic,fa-landmark,\uf66f
history,fa-landmark,\uf66f
hitching_post,fa-horse,\uf6f0
hockey,fa-hockey-puck,\uf453
holding_position,fa-hand-paper,\uf256
holding_position_line,fa-road,\uf018
hole,fa-golf-hole,\uf6f1
hollow_way,fa-road,\uf018
holy_well,fa-praying-hands,\uf684
homeless,fa-house-user,\uf966
honey,fa-bee,\uf7ee
hongsalmun,fa-archway,\uf557
honorary_consul,fa-building,\uf1ad
honorary_consulate,fa-building,\uf1ad
hookah,fa-smoking,\uf48d
hookah_lounge,fa-smoking,\uf48d
hop,fa-leaf,\uf06c
hop_plants,fa-leaf,\uf06c
hopscotch,fa-shoe-prints,\uf54b
horizontal,fa-grip-horizontal,\uf58d
horizontal_axis,fa-wind,\uf72e
horizontal_bar,fa-bars,\uf0c9
horn,fa-bullhorn,\uf0a1
horse,fa-horse,\uf6f0
horse_jump,fa-horse-jumping,\uf6f5
horse_parking,fa-horse,\uf6f0
horse_racing,fa-horse,\uf6f0
horse_riders,fa-horse,\uf6f0
horse_riding,fa-horse,\uf6f0
horse_stile,fa-horse,\uf6f0
horse_walker,fa-horse,\uf6f0
horseshoes,fa-shoe-prints,\uf54b
hose,fa-water,\uf773
hospice,fa-hospital,\uf0f8
hospital,fa-hospital,\uf0f8
hostel,fa-bed,\uf236
hot_dog,fa-hotdog,\uf80f
hot_spring,fa-hot-tub,\uf593
hot_tub,fa-hot-tub,\uf593
hot_water,fa-thermometer-three-quarters,\uf2c8
hot_water_tank,fa-thermometer-full,\uf2c7
hotel,fa-hotel,\uf594
hotpot,fa-burn,\uf46a
house,fa-home,\uf015
houseboat,fa-ship,\uf21a
household_linen,fa-bed,\uf236
houseware,fa-home,\uf015
hov,fa-car-building,\uf2b4
hulk,fa-ship,\uf21a
hull_showing,fa-ship,\uf21a
humanistic,fa-hand-holding-heart,\uf4be
hump,fa-map-signs,\uf277
humpback,fa-road,\uf018
hunting,fa-crosshairs,\uf05b
hunting_stand,fa-binoculars,\uf1e5
hut,fa-campground,\uf6bb
hut_circle,fa-campground,\uf6bb
hvac,fa-thermometer-half,\uf2c9
hydrant,fa-fire-extinguisher,\uf134
hydraulic_cylinder,fa-compress-alt,\uf422
hydro,fa-water,\uf773
hydrodynamic_screw,fa-sync-alt,\uf2f1
hydroponics,fa-leaf,\uf06c
hypogeum,fa-cave,\uf6aa
i,fa-I,\u0049
ice,fa-industry-alt,\uf3ed
ice_cream,fa-ice-cream,\uf810
ice_cubes,fa-icicles,\uf7ad
ice_factory,fa-icicles,\uf7ad
ice_hockey,fa-ice-hockey,\uf7ad
ice_house,fa-igloo,\uf7ad
ice_rink,fa-skating,\uf7c5
ice_skating,fa-ice-skate,\uf7ac
ice_stock,fa-hockey-puck,\uf453
iljumun,fa-archway,\uf557
illegal_crossing,fa-exclamation-triangle,\uf071
ils,fa-plane-arrival,\uf5af
immunology,fa-allergies,\uf461
inadequate,fa-times-circle,\uf057
incorrect,fa-times,\uf00d
indented_pin,fa-thumbtack,\uf08d
independent,fa-user-friends,\uf500
indian,fa-utensils,\uf2e7
indoor,fa-home,\uf015
indoor_play,fa-child,\uf1ae
industrial,fa-industry,\uf275
industrial_climbing,fa-hard-hat,\uf807
infectious_diseases,fa-biohazard,\uf780
infiltration,fa-water,\uf773
information,fa-info-circle,\uf05a
information_electronics,fa-info-circle,\uf05a
injection,fa-syringe,\uf48e
ink_cartridges,fa-tint,\uf043
inline_skates,fa-skating,\uf7c5
insect_hotel,fa-bug,\uf188
institutional,fa-university,\uf19c
insulation,fa-thermometer-half,\uf2c9
insurance,fa-shield-alt,\uf3ed
intake,fa-water,\uf773
intensified,fa-bullseye,\uf140
intensive,fa-procedures,\uf85e
interests_section,fa-flag,\uf024
interior_decoration,fa-couch,\uf4b8
interior_decorator,fa-couch,\uf4b8
interior_design,fa-couch,\uf4b8
interior_work,fa-brush,\uf55d
intermediate,fa-arrows-alt-v,\uf338
internal,fa-diagnoses,\uf470
international,fa-globe,\uf0ac
international_organization,fa-globe,\uf0ac
international_port_traffic,fa-ship,\uf21a
internet_cafe,fa-wifi,\uf1eb
internet_shop,fa-shopping-cart,\uf07a
inverted_siphon,fa-tint,\uf043
irrigation,fa-tint,\uf043
island,fa-map-marker-alt,\uf3c5
isle_of_man_government_land_registry_land_transactions,fa-university,\uf19c
isle_of_man_government_planning_applications,fa-university,\uf19c
islet,fa-map-marker-alt,\uf3c5
isolated_dwelling,fa-home,\uf015
isthmus,fa-water,\uf773
it,fa-laptop,\uf109
italian,fa-pizza-slice,\uf818
j,fa-J,\u004A
j_bar,fa-skiing-nordic,\uf7ca
jain,fa-om,\uf679
japanese,fa-utensils,\uf2e7
jause,fa-utensils,\uf2e7
javelin_throw,fa-javelin,\uf573
jersey_barrier,fa-shield-alt,\uf3ed
jet_bridge,fa-terminal,\uf5b0
jetski,fa-swimming-pool,\uf5c5
jeweller,fa-gem,\uf3a5
jewelry,fa-gem,\uf3a5
jewish,fa-star-of-david,\uf69a
jobcentre,fa-building,\uf1ad
joiner,fa-clipboard-list,\uf46d
judo,fa-torii-gate,\uf6a1
jughandle,fa-undo-alt,\uf2ea
juice_bar,fa-banana,\uf2e5
junction,fa-code-branch,\uf126
junk_yard,fa-trash-alt,\uf2ed
k,fa-K,\u004B
kaplan_turbine,fa-fan,\uf863
karaoke_box,fa-microphone-alt,\uf3c9
karate,fa-karate,\uf84d
karting,fa-car-alt,\uf5de
kebab,fa-drumstick-bite,\uf6d7
kent_carriage_gap,fa-road,\uf018
kerb,fa-road,\uf018
kerb_grate,fa-align-justify,\uf039
kerb_opening,fa-align-justify,\uf039
key_cutter,fa-key,\uf084
key_depot,fa-key,\uf084
kick_scooter_rental,fa-scooter,\uf1cc
kickboxing,fa-fist-raised,\uf6de
kiln,fa-flask,\uf0c3
kilometres,fa-ruler,\uf545
kindergarten,fa-school,\uf549
kingdom_hall,fa-church,\uf51d
kiosk,fa-shopping-basket,\uf291
kissing_gate,fa-gate,\uf752
kitchen,fa-utensils,\uf2e7
kitchenware,fa-utensils,\uf2e7
kitesurfing,fa-wind,\uf72e
kneipp_water_cure,fa-shower,\uf2cc
kneippbecken,fa-swimmer,\uf5c4
kolk,fa-water,\uf773
kons,fa-map-marker-alt,\uf3c5
kontrakan,fa-home,\uf015
korean,fa-utensils,\uf2e7
korfball,fa-basketball-ball,\uf433
krachtbal,fa-weight-hanging,\uf5cd
kremlin,fa-landmark,\uf66f
ktm,fa-motorcycle,\uf21c
l,fa-L,\u004C
laboratory,fa-microscope,\uf610
lacrosse,fa-lacrosse-ball,\uf4f8
ladder_site,fa-ladder,\uf835
lagoon,fa-water,\uf773
lake,fa-water,\uf773
lamp,fa-lamp-desk,\uf914
landfill,fa-trash-alt,\uf2ed
landform,fa-map-marked-alt,\uf5a0
landing_site,fa-helicopter,\uf533
landingpad,fa-helicopter,\uf533
landmark,fa-map-marker-alt,\uf3c5
landslide,fa-mountain,\uf6fc
lane,fa-road,\uf018
language,fa-language,\uf1ab
language_school,fa-school,\uf549
lapidary,fa-gem,\uf3a5
large_rock,fa-mountain,\uf6fc
laser_tag,fa-bullseye,\uf140
lateral_water_hazard,fa-water,\uf773
lattice,fa-grip-lines-vertical,\uf7d5
launch_complex,fa-rocket,\uf135
launch_tower,fa-rocket,\uf135
launchpad,fa-rocket,\uf135
launderette,fa-tshirt,\uf553
laundrette,fa-tshirt,\uf553
laundry,fa-tshirt,\uf553
laundry_detergent,fa-tshirt,\uf553
lava,fa-fire,\uf06d
lavoir,fa-tshirt,\uf553
lawyer,fa-gavel,\uf0e3
layby,fa-road,\uf018
leading,fa-arrow-right,\uf061
leafless,fa-tree,\uf1bb
league,fa-trophy,\uf091
lean_to,fa-campground,\uf6bb
leashed,fa-dog-leashed,\uf6dc
leather,fa-leather-boot,\uf6fe
lecture_hall,fa-chalkboard-teacher,\uf51c
leeches,fa-bug,\uf188
left,fa-arrow-alt-circle-left,\uf359
legislative,fa-balance-scale-left,\uf515
leisure,fa-umbrella-beach,\uf5ca
letter_box,fa-envelope,\uf0e0
level_crossing,fa-road,\uf018
lever,fa-wrench,\uf0ad
liaison,fa-handshake,\uf2b5
liaison_office,fa-handshake-alt,\uf4b6
library,fa-book,\uf02d
library_dropoff,fa-book,\uf02d
license,fa-id-card,\uf2c2
life_ring,fa-life-ring,\uf1cd
lifeboat,fa-life-ring,\uf1cd
lifeboat_on_mooring,fa-life-ring,\uf1cd
lifeboat_station,fa-ship,\uf21a
lifeguard,fa-life-ring,\uf1cd
lift,fa-arrow-alt-circle-up,\uf35b
lift_gate,fa-gate,\uf752
lift_pier,fa-arrow-alt-circle-up,\uf35b
light,fa-lightbulb,\uf0eb
light_float,fa-lightbulb,\uf0eb
light_major,fa-lightbulb,\uf0eb
light_minor,fa-lightbulb,\uf0eb
light_rail,fa-subway,\uf239
light_vessel,fa-lightbulb,\uf0eb
lighthouse,fa-lightbulb,\uf0eb
lighting,fa-lightbulb,\uf0eb
lightning_protection,fa-bolt,\uf0e7
lightning_rod,fa-bolt,\uf0e7
limes,fa-lemon,\uf094
limited,fa-lock,\uf023
limited_headroom,fa-arrow-alt-circle-up,\uf35b
limited_traffic_zone,fa-car-battery,\uf5df
line,fa-ellipsis-h,\uf141
link_detached,fa-home,\uf015
linoleum,fa-square-full,\uf45c
linux,fa-cube,\uf1b2
liquid_bulk,fa-drum,\uf56c
living_history,fa-landmark,\uf66f
living_street,fa-walking,\uf554
lng,fa-gas-pump,\uf52f
loading_dock,fa-shipping-fast,\uf48b
local,fa-map-marker,\uf3c5
local_authority,fa-university,\uf19c
locality,fa-map-marker-alt,\uf3c5
lock,fa-lock,\uf023
lock_basin,fa-lock,\uf023
lock_gate,fa-lock,\uf023
locker,fa-locker,\uf1f6
locksmith,fa-key,\uf084
locomotive,fa-train,\uf238
log,fa-tree,\uf1bb
logging,fa-tree,\uf1bb
logistics,fa-truck,\uf0d1
long_barrow,fa-align-center,\uf037
long_jump,fa-shoe-prints,\uf54b
loop,fa-infinity,\uf534
loose_gravel,fa-road,\uf018
lost_property,fa-search-dollar,\uf688
lost_property_office,fa-map-marker,\uf3c5
lottery,fa-money-bill-alt,\uf3d1
loudspeaker,fa-volume-up,\uf028
louis_motorrad,fa-motorcycle,\uf21c
lounger,fa-chair,\uf6c0
lourdes_grotto,fa-praying-hands,\uf684
love_hotel,fa-bed,\uf236
low_emission_zone,fa-wind,\uf72e
low_flying_aircraft,fa-plane,\uf072
lower,fa-level-down-alt,\uf3be
lpg,fa-gas-pump,\uf52f
luggage_locker,fa-suitcase,\uf0f2
luthier,fa-guitar,\uf7a6
luxury,fa-gem,\uf3a5
lych_gate,fa-church,\uf51d
lyonnaise,fa-ship,\uf21a
m,fa-M,\u004D
machine,fa-industry-alt,\uf3ed
machine_shop,fa-tools,\uf7d9
magic_carpet,fa-magic,\uf0d0
magnet,fa-magnet,\uf076
mailroom,fa-envelope,\uf0e0
main,fa-road,\uf018
maisonette,fa-home,\uf015
maize,fa-corn,\uf6c7
male,fa-mars,\uf222
mall,fa-shopping-bag,\uf290
mango_trees,fa-tree-alt,\uf7e8
mangrove,fa-tree,\uf1bb
manhole,fa-dungeon,\uf6d9
manor,fa-home,\uf015
manual,fa-hand-rock,\uf255
manufacture,fa-industry,\uf275
manufactured_home,fa-home,\uf015
manure,fa-dumpster,\uf793
many,fa-square,\uf0c8
map,fa-map,\uf279
maps,fa-map-marked-alt,\uf5a0
marabout,fa-mosque,\uf678
marae,fa-place-of-worship,\uf67f
marble,fa-square-full,\uf45c
marina,fa-anchor,\uf13d
marine_farm,fa-fish,\uf578
marine_refuge,fa-anchor,\uf13d
marines,fa-anchor,\uf13d
maritime,fa-anchor,\uf13d
marked,fa-check,\uf00c
marker,fa-map-marker-alt,\uf3c5
marketplace,fa-store-alt,\uf54f
marquee,fa-campground,\uf6bb
marsh,fa-water,\uf773
martial_arts,fa-ki,\uf1d8
mass_rock,fa-praying-hands,\uf684
massage,fa-spa,\uf5bb
mast,fa-wifi,\uf1eb
mausoleum,fa-monument,\uf5a6
maxillofacial_surgery,fa-tooth,\uf5c9
maypole,fa-flag-alt,\uf74c
maze,fa-puzzle-piece,\uf12e
meadow,fa-leaf,\uf06c
meadow_orchard,fa-leaf,\uf06c
measurement,fa-ruler,\uf545
mechanical,fa-cogs,\uf085
mechanical_draft,fa-fan,\uf863
medallion,fa-medal,\uf5a2
medical,fa-medkit,\uf0fa
medical_supply,fa-medkit,\uf0fa
meditation_centre,fa-om,\uf679
mediterranean,fa-utensils,\uf2e7
megalith,fa-stonehenge,\uf720
memorial,fa-monument,\uf5a6
memorial_plaque,fa-monument,\uf5a6
menhir,fa-monument,\uf5a6
mere,fa-water,\uf773
meridian_marker,fa-compass,\uf14e
metal,fa-square-full,\uf45c
metal_construction,fa-tools,\uf7d9
metal_grid,fa-square-full,\uf45c
metal_processing,fa-industry-alt,\uf3ed
meteor_crater,fa-circle-notch,\uf1ce
meteorological,fa-cloud-sun,\uf6c4
mexican,fa-pepper-hot,\uf816
microbiology,fa-vial,\uf492
microwave,fa-microchip,\uf2db
midwife,fa-baby,\uf77c
milestone,fa-map-marker-alt,\uf3c5
military,fa-helicopter,\uf533
military_district,fa-shield-alt,\uf3ed
military_surplus,fa-helmet-battle,\uf6ef
milk,fa-cheese,\uf7ef
milk_churn_stand,fa-shopping-basket,\uf291
milk_dispenser,fa-hand-holding,\uf4bd
minaret,fa-building,\uf1ad
mine,fa-hammer,\uf6e3
mine_shaft,fa-hammer,\uf6e3
minefield,fa-bomb,\uf1e2
mineshaft,fa-campground,\uf6bb
mini_bumps,fa-map-signs,\uf277
mini_roundabout,fa-circle,\uf111
miniature,fa-arrows-alt,\uf0b2
miniature_golf,fa-golf-ball,\uf450
minibus,fa-bus,\uf207
minilith,fa-bricks,\uf38a
ministry,fa-briefcase,\uf0b1
minor_distribution,fa-cubes,\uf1b3
mint,fa-coins,\uf51e
missile,fa-rocket,\uf135
mission,fa-flag,\uf024
mist_spraying_cooler,fa-fan,\uf863
mixed,fa-users,\uf0c0
mixed_lift,fa-skiing-downhill,\uf7c0
mm,fa-map-marked-alt,\uf5a0
moat,fa-water,\uf773
mobile,fa-truck-pickup,\uf4b4
mobile_equipment,fa-shuttle-van,\uf5bb
mobile_home,fa-trailer,\uf722
mobile_library,fa-bus,\uf207
mobile_money_agent,fa-mobile-alt,\uf3cd
mobile_phone,fa-mobile-alt,\uf3cd
mobility_scooter,fa-wheelchair,\uf193
mobility_scooter_rental,fa-wheelchair,\uf193
model,fa-drafting-compass,\uf568
model_aerodrome,fa-plane,\uf072
monastery,fa-place-of-worship,\uf67f
money_lender,fa-money-bill-wave,\uf53a
money_transfer,fa-dollar-sign,\uf155
monitoring,fa-tachometer-alt,\uf3fd
monitoring_station,fa-signal,\uf012
monobuoy,fa-anchor,\uf13d
monorail,fa-subway,\uf239
monument,fa-monument,\uf5a1
moor,fa-leaf,\uf06c
mooring,fa-anchor,\uf13d
moraine,fa-mountain,\uf6fc
mormon,fa-church,\uf51d
mortuary,fa-cross,\uf654
mosque,fa-mosque,\uf678
motel,fa-bed,\uf236
moto_guzzi,fa-motorcycle,\uf21c
motocross,fa-motorcycle,\uf21c
motor,fa-motorcycle,\uf21c
motorboat,fa-ship,\uf21a
motorcycle,fa-motorcycle,\uf21c
motorcycle_barrier,fa-motorcycle,\uf21c
motorcycle_parking,fa-motorcycle,\uf21c
motorcycle_parts,fa-motorcycle,\uf21c
motorcycle_rental,fa-motorcycle,\uf21c
motorcycle_repair,fa-tools,\uf7d9
motorcycle_school,fa-motorcycle,\uf21c
motorcycle_sharing,fa-motorcycle,\uf21c
motorcycle_taxi,fa-motorcycle,\uf21c
motorhome,fa-bus-alt,\uf55e
motorhome_stopover,fa-campground,\uf6bb
motorsports,fa-flag-checkered,\uf11e
motorway,fa-road,\uf018
motorway_junction,fa-road-junction,\uf772
motorway_link,fa-road,\uf018
motte,fa-archway,\uf557
mountain,fa-mountain,\uf6fc
mountain_range,fa-mountain,\uf6fc
mountain_rescue,fa-mountain,\uf6fc
mountaineers_mailbox,fa-envelope-square,\uf199
mounting_block,fa-box-alt,\uf4fe
movable,fa-road,\uf018
moving_company,fa-truck-moving,\uf4df
mtb,fa-biking,\uf84a
mtb_school,fa-bicycle,\uf206
mud,fa-water,\uf773
multi,fa-cubes,\uf1b2
multi_storey,fa-building,\uf1ad
multifaith,fa-niversal-access,\uf29a
municipal,fa-building,\uf1ad
municipality,fa-building,\uf1ad
munitions,fa-bomb,\uf1e2
mural,fa-paint-brush,\uf55c
museum,fa-university,\uf19c
music,fa-music,\uf001
music_school,fa-music,\uf001
music_venue,fa-music,\uf001
musical_instrument,fa-guitar,\uf7a6
muslim,fa-mosque,\uf678
n,fa-N,\u004E
nail_salon,fa-hand-sparkles,\uf95d
naled,fa-water,\uf773
name,fa-signature,\uf5b2
narrow_gauge,fa-train,\uf238
narrows,fa-road,\uf018
nasone,fa-water,\uf773
nation,fa-flag,\uf024
national,fa-flag,\uf024
national_park,fa-tree,\uf1bb
natural_gas,fa-gas-pump,\uf52f
natural_monument,fa-mountain,\uf6fc
nature,fa-tree,\uf1bb
nature_reserve,fa-tree,\uf1bb
nautical_club,fa-anchor,\uf13d
nautophone,fa-phone-volume,\uf2a0
naval_base,fa-anchor,\uf13d
navigation_line,fa-route,\uf4d5
navigationaid,fa-map-marked-alt,\uf5a0
navy,fa-ship,\uf21a
ndb,fa-satellite-dish,\uf7c0
necropolis,fa-skull,\uf54c
needle,fa-tachometer-alt,\uf3fd
needleleaved,fa-tree,\uf1bb
neighbourhood,fa-map-marker-alt,\uf3c5
neonatology,fa-baby,\uf77c
nephrology,fa-kidneys,\uf5fb
nesting_site,fa-bullseye,\uf140
netball,fa-basketball-ball,\uf433
neurology,fa-brain,\uf5dc
neurophysiology,fa-wave-square,\uf83e
neuropsychiatry,fa-user-md-chat,\uf82e
neurosurgery,fa-procedures,\uf7b7
new_age,fa-globe,\uf0ac
newsagent,fa-newspaper,\uf1ea
newspaper,fa-newspaper,\uf1ea
newspapers,fa-newspaper,\uf1ea
ngo,fa-hands-helping,\uf4c4
nightclub,fa-glass-cheers,\uf7a5
nine_mens_morris,fa-chess-board,\uf43f
nipa_palm,fa-tree,\uf1bb
no,fa-ban,\uf05e
no_anchoring,fa-anchor,\uf13d
no_berthing,fa-anchor,\uf13d
no_boating,fa-boat,\uf21a
no_diving,fa-swimmer,\uf5bb
no_entry,fa-ban,\uf05e
no_fishing,fa-fish,\uf578
no_right_turn_on_red,fa-ban,\uf05e
no_wake,fa-life-ring,\uf1cd
nodding_donkey,fa-oil-can,\uf613
node,fa-circle,\uf111
noise_barrier,fa-shield-alt,\uf3ed
noise_limit,fa-volume-mute,\uf6a9
non_dangerous,fa-ship,\uf21a
none,fa-ban,\uf05e
noodle,fa-bowl-scoop,\uf2e5
nordic,fa-skiing-nordic,\uf7ca
nordic_walking,fa-walking,\uf554
not_installed,fa-power-off,\uf011
notary,fa-stamp,\uf5bf
notice,fa-exclamation-circle,\uf06a
nrhp,fa-map-marker-alt,\uf3c5
nuclear,fa-radiation-alt,\uf7ba
nuclear_explosion_site,fa-radiation-alt,\uf7ba
nudism,fa-swimmer,\uf5c4
nunciature,fa-flag,\uf024
nuraghe,fa-building,\uf1ad
nurse,fa-user-nurse,\uf82f
nursery,fa-baby-carriage,\uf77d
nursing_home,fa-home,\uf015
nutrition_counselling,fa-apple-alt,\uf5d1
nutrition_supplements,fa-pills,\uf481
nutritionist,fa-utensils,\uf2e7
nuts,fa-seedling,\uf4d8
o,fa-O,\u004F
oats,fa-seedling,\uf4d8
obelisk,fa-monument,\uf5a6
observation,fa-binoculars,\uf1e5
observation_spot,fa-binoculars,\uf1e5
observatory,fa-globe,\uf0ac
obstacle_course,fa-shoe-prints,\uf54b
obstruction,fa-ban,\uf05e
occupational,fa-hard-hat,\uf807
occupational_safety,fa-hard-hat,\uf807
occupational_therapist,fa-briefcase-medical,\uf469
ocean,fa-water,\uf773
odas,fa-ship,\uf21a
office,fa-building,\uf1ad
office_supplies,fa-building,\uf1ad
offices,fa-building,\uf1ad
official,fa-clipboard-check,\uf46c
offshore_field,fa-water,\uf773
offshore_platform,fa-anchor,\uf13d
ogham,fa-stone,\uf5c8
ogham_stone,fa-mountain,\uf6fc
oil,fa-oil-can,\uf613
oil_gas_separator,fa-oil-can,\uf613
oil_mill,fa-oil-can,\uf613
oil_palms,fa-tree-palm,\uf82b
oil_platform,fa-industry-alt,\uf3ed
olive_trees,fa-tree-alt,\uf7e8
om,fa-map-marked-alt,\uf5a0
on_demand,fa-hourglass-half,\uf252
oncology,fa-notes-medical,\uf7f6
only,fa-road,\uf018
onsen,fa-hot-tub,\uf593
open_air,fa-wind,\uf72e
opera_house,fa-landmark,\uf66f
ophthalmology,fa-eye,\uf06e
opposite,fa-arrows-alt-h,\uf337
opposite_lane,fa-road,\uf018
opposite_track,fa-exchange-alt,\uf362
optical,fa-binoculars,\uf1e5
optical_telegraph,fa-broadcast-tower,\uf519
optician,fa-glasses,\uf530
optional_sidepath,fa-directions,\uf5eb
optometrist,fa-eye,\uf06e
orange_trees,fa-tree-alt,\uf7e8
orchard,fa-apple-alt,\uf5d1
organ_builder,fa-music,\uf001
organic,fa-leaf,\uf06c
organisation,fa-sitemap,\uf0e8
orientation_table,fa-map,\uf279
orienteering,fa-map,\uf279
orthodontics,fa-tooth,\uf5c9
orthopaedics,fa-bone-break,\uf7e5
osm_traffic_calming,fa-speed-bump,\uf46d
osmica,fa-utensils,\uf2e7
osmotic,fa-tint,\uf043
other,fa-circle,\uf111
otolaryngology,fa-ear,\uf5f0
outbuilding,fa-building,\uf1ad
outcrop,fa-mountain,\uf6fc
outdoor,fa-tree,\uf1bb
outdoor_seating,fa-chair,\uf6c0
outdoor_shop,fa-shopping-cart,\uf07a
outfall,fa-angle-double-down,\uf103
outfitter,fa-tshirt,\uf553
outlet,fa-store-alt,\uf54f
outpost,fa-store-alt,\uf54f
output,fa-arrows-alt-h,\uf337
outreach,fa-hands-helping,\uf4c4
overground,fa-subway,\uf239
overhead,fa-subway,\uf239
overtaking_prohibited,fa-ban,\uf05e
owner_change,fa-user-edit,\uf4ff
oxbow,fa-water,\uf773
oxidation_ditch,fa-water,\uf773
p,fa-P,\u0050
package_depot,fa-box-open,\uf49e
packaging,fa-box-open,\uf49e
paddle,fa-snowplow,\uf7d2
paddle_tennis,fa-table-tennis-paddle,\uf45d
paddling_pool,fa-swimming-pool,\uf5c5
paddock,fa-tractor,\uf722
padel,fa-table-tennis-paddle,\uf45d
paediatric_surgery,fa-baby-carriage,\uf77d
paediatrics,fa-baby,\uf77c
pagan,fa-torii-gate,\uf6a1
pagoda,fa-church,\uf51d
paifang,fa-door-open,\uf52b
paint,fa-paint-roller,\uf5aa
paintball,fa-crosshairs,\uf05b
painted_island,fa-circle,\uf111
painted_table,fa-circle,\uf111
painter,fa-paint-roller,\uf5aa
painting,fa-paint-roller,\uf5aa
pakistani,fa-utensils,\uf2e7
palace,fa-chess-rook,\uf447
palaeontological_site,fa-bone,\uf5d7
palliative,fa-hand-holding-heart,\uf4be
pancake,fa-pancake,\uf2f4
papaya_trees,fa-tree-alt,\uf7e8
paperhanger,fa-scroll,\uf70e
parachuting,fa-parachute-box,\uf4cd
parcel_locker,fa-box,\uf466
parcel_lockers,fa-boxes,\uf468
parcel_pickup_parcel_mail_in,fa-box-open,\uf49e
parcel_postbox,fa-inbox,\uf01c
parish,fa-church,\uf51d
parish_hall,fa-church,\uf51d
park,fa-tree,\uf1bb
parking,fa-parking,\uf540
parking_aisle,fa-parking,\uf540
parking_entrance,fa-parking-circle,\uf615
parking_position,fa-parking,\uf540
parking_space,fa-parking,\uf540
parking_tickets,fa-ticket-alt,\uf3ff
parkink,fa-parking,\uf540
parklet,fa-tree,\uf1bb
parkour,fa-running,\uf70c
parliament,fa-landmark,\uf66f
parquet_layer,fa-hammer,\uf6e3
part_obscured,fa-cloud-sun,\uf6c4
partial,fa-adjust,\uf042
parts,fa-cogs,\uf085
party,fa-glass-cheers,\uf79f
passage_grave,fa-door-open,\uf52b
passenger,fa-ship,\uf21a
passing_or_overtaking_prohibited,fa-ban,\uf05e
passing_place,fa-car-side,\uf5e4
pasta,fa-utensil-spoon,\uf2e5
pastry,fa-birthday-cake,\uf1fd
pasture,fa-tree,\uf1bb
path,fa-route,\uf4d7
pathology,fa-microscope,\uf610
paved,fa-road,\uf018
paver,fa-road,\uf018
pavilion,fa-map-marker-alt,\uf3c5
paving_stones,fa-road,\uf018
paving_stones_30,fa-road,\uf018
pawnbroker,fa-university,\uf19c
pay_phone,fa-phone-alt,\uf879
pay_scale_area,fa-money-check,\uf53c
payment_centre,fa-money-check-alt,\uf53c
payment_terminal,fa-credit-card,\uf09d
peak,fa-mountain,\uf6fc
peat_cutting,fa-fire-extinguisher,\uf134
pebblestone,fa-road,\uf018
pedal_car_racing,fa-car-alt,\uf5de
pedestal,fa-archive,\uf187
pedestrian,fa-walking,\uf554
pedestrians,fa-walking,\uf554
pelota,fa-futbol,\uf1e3
pelton_turbine,fa-tachometer-alt,\uf3fd
peninsula,fa-water,\uf773
penstock,fa-water,\uf773
perch,fa-fish,\uf578
perfumery,fa-flask,\uf0c3
peristaltic,fa-sync-alt,\uf2f1
permanent_mission,fa-flag,\uf024
permissive,fa-id-card-alt,\uf47f
permit,fa-file-contract,\uf56c
personnel_shelter,fa-shield-alt,\uf3ed
pes_pallo,fa-futbol,\uf1e3
pest_control,fa-spider,\uf717
pet,fa-paw,\uf1b0
pet_food,fa-bone,\uf1f9
pet_grooming,fa-paw,\uf1b0
petanque,fa-bowling-ball,\uf436
petroglyph,fa-scroll-old,\uf70f
petroleum_well,fa-oil-can,\uf613
petting_zoo,fa-horse,\uf6f0
pharmacology,fa-capsules,\uf46b
pharmacy,fa-pills,\uf484
phase_angle_regulator,fa-adjust,\uf042
philharmonic,fa-music,\uf001
phone,fa-phone-alt,\uf879
photo,fa-camera-retro,\uf083
photo_booth,fa-camera-retro,\uf83e
photographer,fa-camera-retro,\uf083
photographic_laboratory,fa-camera,\uf030
photography,fa-camera-retro,\uf83e
photovoltaic,fa-solar-panel,\uf5ba
physiatry,fa-thermometer,\uf491
physician,fa-user-md,\uf0f0
physiotherapist,fa-thermometer,\uf491
physiotherapy,fa-notes-medical,\uf7f6
piano,fa-music,\uf001
piano_tuner,fa-music,\uf001
pickleball,fa-futbol,\uf1e3
picnic,fa-utensils,\uf2e7
picnic_shelter,fa-campground,\uf6bb
picnic_site,fa-utensils,\uf2e7
picnic_table,fa-table,\uf0ce
pie,fa-pizza-slice,\uf818
pier,fa-building,\uf1ad
piercing,fa-circle-notch,\uf1ce
pilates,fa-dumbbell,\uf44b
pile,fa-archway,\uf557
pillar,fa-monument,\uf5a6
pillbox,fa-shield-alt,\uf3ed
pillory,fa-gavel,\uf0e3
pilot_boarding,fa-ship,\uf21a
pin,fa-map-pin,\uf276
pineapple_plants,fa-leaf,\uf06c
pipeline,fa-route,\uf4d7
pipeline_submarine,fa-oil-can,\uf613
piste,fa-skiing,\uf7c9
piston,fa-circle-notch,\uf1ce
pit,fa-mountain,\uf6fc
pitch,fa-futbol,\uf1e3
pivot,fa-undo,\uf0e2
pivot_pier,fa-arrow-alt-circle-up,\uf35b
pizza,fa-pizza-slice,\uf818
pizza_box,fa-pizza-slice,\uf818
place,fa-map-marker-alt,\uf3c5
place_of_mourning,fa-monument,\uf5a6
place_of_worship,fa-place-of-worship,\uf67f
planetarium,fa-globe,\uf0ac
planned,fa-map-marker-alt,\uf3c5
plant,fa-leaf,\uf06c
plant_hire,fa-truck-loading,\uf4de
plant_nursery,fa-leaf,\uf06c
plantation,fa-tree,\uf1bb
planter,fa-seedling,\uf4d8
plaque,fa-id-card-alt,\uf47d
plasterer,fa-building,\uf1ad
plastic_bag_collection,fa-shopping-bag,\uf290
plastic_surgery,fa-head-side,\uf6e7
plate,fa-utensils,\uf2e7
platform,fa-train,\uf238
platform_edge,fa-subway,\uf239
platter,fa-skiing,\uf7c5
playground,fa-playground,\uf5d1
playhouse,fa-home,\uf015
plaza,fa-map-marker-alt,\uf3c5
plot,fa-map-marker-alt,\uf3c5
plug,fa-plug,\uf1e6
plumber,fa-faucet,\uf905
pneumatic_cylinder,fa-compress,\uf066
po_box,fa-inbox,\uf01c
podiatrist,fa-shoe-prints,\uf54b
podiatry,fa-shoe-prints,\uf54b
pole_dance,fa-venus-mars,\uf228
pole_vault,fa-warehouse-alt,\uf495
police,fa-police-station,\uf6a7
political,fa-flag,\uf024
political_party,fa-democrat,\uf747
politician,fa-flag-usa,\uf74d
polling_station,fa-vote-yea,\uf772
polo,fa-futbol,\uf1e3
polo_motorrad,fa-motorcycle,\uf21c
pond,fa-water,\uf773
ponor,fa-mountain,\uf6fc
popinjay,fa-bullseye-arrow,\uf648
porch,fa-building,\uf1ad
porous,fa-expand-alt,\uf424
porous_double,fa-expand-alt,\uf424
port,fa-anchor,\uf13d
portage,fa-people-carry,\uf4ce
portal_crane,fa-wrench,\uf0ad
portuguese,fa-flag,\uf2b4
position_estimated,fa-crosshairs,\uf05b
post,fa-flag,\uf024
post_box,fa-mailbox,\uf4ed
post_depot,fa-mailbox,\uf0e0
post_office,fa-post-office,\uf3e4
postal_code,fa-map-marker-alt,\uf3c5
postal_service,fa-envelope,\uf0e0
poster_box,fa-file-alt,\uf15c
pottery,fa-vase,\uf3f3
power,fa-bolt,\uf0e7
power_hydro,fa-turbine,\uf5d1
power_nuclear,fa-radiation-alt,\uf7ba
power_tools,fa-wrench,\uf0ad
power_wind,fa-wind,\uf72e
powered,fa-bolt,\uf0e7
practice_pitch,fa-futbol,\uf1e3
pre_action,fa-fire-extinguisher,\uf134
preferred_channel_port,fa-chevron-circle-left,\uf137
preferred_channel_starboard,fa-chevron-circle-right,\uf138
prep_school,fa-school,\uf549
presbytery,fa-church,\uf51d
preschool,fa-baby-carriage,\uf77d
preserved,fa-archway,\uf557
pressurised,fa-water,\uf773
primary,fa-map-marker-alt,\uf3c5
primary_link,fa-map-marker-alt,\uf3c5
printer,fa-print,\uf02f
printer_ink,fa-print,\uf02f
printing,fa-print,\uf02f
printmaker,fa-print,\uf02f
prison,fa-prison,\uf6d0
prison_camp,fa-fence,\uf2f0
private,fa-lock,\uf023
private_investigator,fa-user-secret,\uf21b
process_tank,fa-dumpster,\uf793
proctology,fa-toilet-paper,\uf71e
production_area,fa-industry-alt,\uf3ed
progressive_cavity,fa-compress-arrows-alt,\uf78c
prohibition,fa-ban,\uf05e
property_management,fa-home,\uf015
proposed,fa-building,\uf1ad
prosecutor,fa-user-tie,\uf508
protected_area,fa-shield-alt,\uf3ed
province,fa-map,\uf279
psychiatry,fa-brain,\uf5dc
psychic,fa-crystal-ball,\uf0b1
psychotherapist,fa-brain,\uf5dc
pub,fa-beer,\uf0fc
public,fa-university,\uf19c
public_bath,fa-swimming-pool,\uf5c5
public_bookcase,fa-book-open,\uf518
public_bridleway,fa-road,\uf018
public_building,fa-landmark,\uf66f
public_communication,fa-comments,\uf086
public_footpath,fa-road,\uf018
public_transport,fa-bus-alt,\uf55e
public_transport_plans,fa-subway,\uf239
public_transport_tickets,fa-ticket-alt,\uf3ff
public_works,fa-building,\uf1ad
publisher,fa-book-open,\uf518
pulley,fa-dumbbell,\uf44b
pulmonology,fa-lungs,\uf604
pulser,fa-heartbeat,\uf21e
pump,fa-tint-slash,\uf5c7
pump_out,fa-pump-soap,\uf96c
pumping_station,fa-tint-slash,\uf5c7
pylon,fa-charging-station,\uf5e7
pyramid,fa-pyramid,\uf5a8
pyramidal,fa-square,\uf0c8
pyrotechnics,fa-fire,\uf06d
q,fa-Q,\u0051
qanat,fa-water,\uf773
quadracycle,fa-bike,\uf206
quango,fa-users-cog,\uf509
quarry,fa-mountain,\uf6fc
quarter,fa-building,\uf1ad
quay,fa-ship,\uf21a
queues_likely,fa-exclamation-triangle,\uf071
quicksand,fa-water,\uf773
quiet_lane,fa-road,\uf018
quonset_hut,fa-building,\uf1ad
r,fa-R,\u0052
raceway,fa-flag-checkered,\uf11e
racing,fa-flag-checkered,\uf11e
racon,fa-broadcast-tower,\uf519
racquet,fa-table-tennis,\uf45d
radar,fa-satellite,\uf7bf
radar_scanner,fa-satellite-dish,\uf7c0
radar_station,fa-radar,\uf80c
radio,fa-broadcast-tower,\uf519
radio_station,fa-broadcast-tower,\uf519
radiology,fa-x-ray,\uf497
radiotechnics,fa-signal,\uf012
radiotherapy,fa-radiation-alt,\uf7ba
rail,fa-train,\uf238
rail_brake,fa-train,\uf238
railing,fa-railing,\uf42f
railway,fa-train,\uf238
railway_car,fa-train,\uf238
railway_crossing,fa-train,\uf238
rainwater,fa-tint,\uf043
ram,fa-hammer,\uf6e3
ramark,fa-broadcast-tower,\uf519
ramen,fa-utensils,\uf2e7
rampart,fa-shield-alt,\uf3ed
range,fa-bullseye,\uf140
ranger_station,fa-hat-cowboy,\uf8c0
rape,fa-seedling,\uf4d8
raw_milk,fa-cheese,\uf7ef
razed,fa-trash-alt,\uf2ed
rc_car,fa-car-battery,\uf5df
reception,fa-reception-desk,\uf6ce
reception_area,fa-chair-office,\uf6ed
reception_desk,fa-reception,\uf6aa
reciprocating_engine,fa-cogs,\uf085
reciprocating_solenoid,fa-bolt,\uf0e7
recommendation,fa-thumbs-up,\uf164
recommended_track,fa-route,\uf4d5
recreation,fa-futbol,\uf1e3
recreation_centre,fa-swimmer,\uf5c4
recreation_ground,fa-campground,\uf6bb
recreation_zone,fa-umbrella-beach,\uf5ca
recreational_vehicle,fa-campground,\uf6bb
rectangle,fa-rectangle-landscape,\uf2fa
recycling,fa-recycle,\uf1b8
recycling_glass,fa-glass-whiskey,\uf7a0
recycling_paper,fa-file-alt,\uf15c
recycling_plastic,fa-battery-empty,\uf244
red_light_district,fa-bed,\uf236
reedbed,fa-wheat,\uf72d
reef,fa-water,\uf773
refinery,fa-industry-alt,\uf3ed
reflecting_pool,fa-water,\uf773
reformed,fa-church,\uf51d
refugee_housing,fa-home,\uf015
refugee_site,fa-home,\uf015
refuse,fa-trash-alt,\uf2ed
region,fa-map,\uf279
regional,fa-plane-alt,\uf3de
regional_park,fa-tree,\uf1bb
register,fa-clipboard-list,\uf46d
register_office,fa-building,\uf1ad
regulation,fa-book,\uf02d
rehabilitation,fa-wheelchair,\uf193
rehearsal_studio,fa-microphone-alt,\uf3c9
relay_box,fa-ethernet,\uf796
relief,fa-layer-group,\uf5fd
religion,fa-church,\uf51d
religious,fa-church,\uf51d
remote_terminal,fa-server,\uf233
rental,fa-handshake-alt,\uf4c2
repair,fa-tools,\uf7d9
repair_cafe,fa-tools,\uf7d9
representative_office,fa-building,\uf1ad
reptile,fa-kiwi-bird,\uf535
required,fa-asterisk,\uf069
rescue_box,fa-life-ring,\uf1cd
rescue_station,fa-ambulance,\uf0f9
research,fa-flask,\uf0c3
research_institute,fa-flask,\uf0c3
reservoir,fa-tint,\uf043
reservoir_covered,fa-water-tower,\uf5f5
reservoir_watershed,fa-map,\uf279
residence,fa-home,\uf015
residential,fa-home,\uf015
residential_home,fa-home,\uf015
residents,fa-home,\uf015
resort,fa-umbrella-beach,\uf5ca
rest_area,fa-map-marker-alt,\uf3c5
restaurant,fa-utensils,\uf2e7
restoration,fa-undo,\uf0e2
restricted,fa-exclamation-circle,\uf06a
restricted_area,fa-ban,\uf05e
restricted_byway,fa-road,\uf018
restricted_fairway_depth,fa-water,\uf773
restricted_speed,fa-tachometer-alt-average,\uf624
restriction,fa-ban,\uf05e
retail,fa-store,\uf54f
retaining_wall,fa-landmark,\uf66f
retention,fa-water,\uf773
retirement_home,fa-home-heart,\uf4c5
retractable,fa-expand-arrows-alt,\uf31e
rheumatology,fa-hand-sparkles,\uf95d
rice,fa-utensils,\uf2e7
ridge,fa-mountain,\uf6fc
riding_hall,fa-horse,\uf6f0
rigger,fa-ruler-vertical,\uf547
right,fa-arrow-right,\uf061
right_of_1,fa-stop,\uf04d
ring,fa-circle,\uf111
ring_cairn,fa-circle-notch,\uf1ce
ring_ditch,fa-circle,\uf111
ringfort,fa-fort-awesome-alt,\uf5a3
river,fa-water,\uf773
riverbank,fa-water,\uf773
road,fa-road,\uf018
road_narrows,fa-road,\uf018
roadworks,fa-hard-hat,\uf807
robot,fa-robot,\uf544
rock,fa-mountain,\uf6fc
rock_cut,fa-mountain,\uf6fc
rock_pinnacle,fa-mountain,\uf6fc
rocket,fa-rocket,\uf135
rocket_engine_test,fa-rocket-launch,\uf7a1
roller_coaster,fa-car,\uf1b9
roller_hockey,fa-hockey-puck,\uf453
roller_skating,fa-skating,\uf7c5
roman_circus,fa-flag-checkered,\uf11e
roman_villa,fa-landmark,\uf66f
roman_wolf,fa-wolf-pack-battalion,\uf514
roof,fa-home,\uf015
roofer,fa-hard-hat,\uf807
room,fa-door-open,\uf52b
rope,fa-rope,\uf3c3
rope_tow,fa-hiking,\uf6ec
roro,fa-ship,\uf21a
rotary_vane,fa-cube,\uf1b2
rotating_pattern,fa-sync,\uf021
rough,fa-exclamation-square,\uf321
round,fa-circle,\uf111
roundabout,fa-undo-alt,\uf2ea
roundhouse,fa-home,\uf015
route_marker,fa-map-marker-alt,\uf3c5
rowing,fa-ship,\uf21a
rubber,fa-square-full,\uf45c
rubber_trees,fa-tree-alt,\uf7e8
rubble,fa-cubes,\uf1b2
rugby,fa-futbol,\uf1e3
rugby_league,fa-futbol,\uf1e3
rugby_union,fa-futbol,\uf1e3
ruins,fa-landmark,\uf66f
rumble_strip,fa-road,\uf018
run_of_the_river,fa-water,\uf773
rune,fa-stone,\uf5c8
rune_stone,fa-mountain,\uf6fc
running,fa-running,\uf70c
runway,fa-road,\uf018
rural,fa-tree,\uf1bb
rv_storage,fa-campground,\uf6bb
rye,fa-seedling,\uf4d2
s,fa-S,\u0053
saddle,fa-mountain,\uf6fc
saddler,fa-horse,\uf6f0
safari_park,fa-elephant,\uf6d3
safety_region,fa-shield-alt,\uf3ed
sailing,fa-ship,\uf21a
sailing_club,fa-ship,\uf21a
sailing_school,fa-ship,\uf21a
sailmaker,fa-anchor,\uf13d
sally_port,fa-door-closed,\uf52a
salt,fa-water,\uf773
salt_pond,fa-water,\uf773
saltmarsh,fa-water,\uf773
sample_collection,fa-vial,\uf468
sanatorium,fa-hospital-alt,\uf47d
sand,fa-desert,\uf2ca
sandpit,fa-umbrella-beach,\uf5ca
sandwich,fa-hamburger,\uf805
sanitary_dump_station,fa-toilet,\uf7bd
sarcophagus,fa-coffin,\uf6c6
satellite,fa-satellite,\uf7bf
satellite_dish,fa-satellite-dish,\uf7c0
sauna,fa-hot-tub,\uf593
sawmill,fa-tree,\uf1bb
sbm,fa-anchor,\uf13d
scaffolder,fa-tools,\uf7d9
sceptic_tank,fa-toilet,\uf7d8
schema,fa-diagram-2,\uf95e
school,fa-school,\uf549
school_sentry,fa-school,\uf549
school_zone,fa-school,\uf549
schoolyard,fa-school,\uf549
sconce,fa-lightbulb,\uf0eb
scooter,fa-motorcycle,\uf21c
scooter_rental,fa-motorcycle,\uf21c
scout,fa-compass,\uf14e
scrap,fa-recycle,\uf1b8
scrap_yard,fa-dumpster-fire,\uf794
scree,fa-mountain,\uf6fc
screen,fa-tv,\uf26c
screw,fa-screwdriver,\uf54a
scrub,fa-leaf,\uf06c
scuba_diving,fa-swimmer,\uf5c4
sculptor,fa-hand-rock,\uf255
sculpture,fa-monument,\uf5a6
sea,fa-water,\uf773
sea_area,fa-water,\uf773
seafood,fa-fish,\uf578
seaplane_landing_area,fa-anchor,\uf13d
seaport,fa-anchor,\uf13d
search_and_rescue,fa-search-and-rescue,\uf748
seat,fa-chair,\uf6c0
seawall,fa-water,\uf773
seaway,fa-ship,\uf21a
second_hand,fa-hand-holding-usd,\uf4c0
secondary,fa-clone,\uf24d
secondary_link,fa-map-marker-alt,\uf3c5
sector,fa-map-marked-alt,\uf5a0
security,fa-shield-alt,\uf3ed
security_booth,fa-shield-alt,\uf3ed
security_lock,fa-lock,\uf023
self_realization_fellowship,fa-om,\uf679
semi,fa-building,\uf1ad
semi_deciduous,fa-leaf,\uf06c
semi_detached,fa-home,\uf015
semi_evergreen,fa-tree,\uf1bb
semidetached_house,fa-building,\uf1ad
separate,fa-ellipsis-h,\uf141
separation_boundary,fa-road,\uf018
separation_lane,fa-road,\uf018
separation_line,fa-road,\uf018
separation_zone,fa-road,\uf018
septic_tank,fa-toilet,\uf7d8
series_capacitor,fa-bolt,\uf0e7
series_reactor,fa-bolt,\uf0e7
serpentine,fa-wave-sine,\uf899
service,fa-tools,\uf7d9
service_device,fa-cog,\uf013
service_station,fa-gas-pump,\uf52f
serviced,fa-bed,\uf236
services,fa-gas-pump,\uf52f
ses_station,fa-phone,\uf095
sett,fa-road,\uf018
settlement,fa-map-marked,\uf59f
settling,fa-water,\uf773
seuil_bas,fa-water,\uf773
seuil_haut,fa-water,\uf773
sewage,fa-dumpster,\uf793
sewerage,fa-poo-storm,\uf75a
sewing,fa-seedling,\uf4a1
sex_toys,fa-venus-mars,\uf222
share_busway,fa-bus,\uf207
share_taxi,fa-car-side,\uf5e4
shared_lane,fa-car-side,\uf5e4
sharps,fa-syringe,\uf48e
shed,fa-warehouse-alt,\uf495
sheela_na_gig,fa-venus-mars,\uf22a
shelter,fa-campground,\uf6bb
shepherd_shelter,fa-home,\uf015
shieling,fa-campground,\uf6bb
shingle,fa-water,\uf773
shinto,fa-torii-gate,\uf6a1
shinto_shrine,fa-torii-gate,\uf6e1
ship,fa-ship,\uf21a
ship_chandler,fa-anchor,\uf13d
shipyard,fa-warehouse,\uf494
shiro,fa-landmark,\uf66f
shoal,fa-water,\uf773
shoe_repair,fa-shoe-prints,\uf54b
shoemaker,fa-shoe-prints,\uf54b
shoes,fa-shoe-prints,\uf54b
shooting,fa-crosshairs,\uf05b
shooting_ground,fa-crosshairs,\uf05b
shooting_range,fa-bullseye,\uf140
shop,fa-shopping-bag,\uf290
shopping_centre,fa-shopping-cart,\uf07a
shoreline_construction,fa-ship,\uf21a
shot_put,fa-weight-hanging,\uf5d2
shower,fa-shower,\uf2cc
showers,fa-shower,\uf2cc
showground,fa-map-marker-alt,\uf3c5
shrine,fa-place-of-worship,\uf67f
shrub,fa-leaf,\uf06c
shrubbery,fa-leaf,\uf06c
shrubs,fa-tree-shrub,\uf1bc
shuffleboard,fa-square,\uf0c8
shunt_capacitor,fa-capacitor,\uf2f3
shunt_reactor,fa-microchip,\uf2db
siamese,fa-fire-extinguisher,\uf134
side_hipped,fa-square,\uf0c8
side_winds,fa-wind,\uf72e
sidepath,fa-hiking,\uf6ec
sidewalk,fa-walking,\uf554
siding,fa-train,\uf238
sign,fa-sign,\uf4d9
signal,fa-traffic-light,\uf637
signal_box,fa-traffic-light,\uf637
signal_station_traffic,fa-exclamation-triangle,\uf071
signal_station_warning,fa-exclamation-triangle,\uf071
signmaker,fa-paint-brush,\uf1fc
sikh,fa-khanda,\uf664
silage,fa-seedling,\uf4a0
silo,fa-industry,\uf275
simple,fa-compass,\uf14e
simple_brunnel,fa-road,\uf018
simple_suspension,fa-road,\uf018
single_family,fa-home,\uf015
sinkhole,fa-mountain,\uf6fc
siren,fa-bullhorn,\uf0a1
skate,fa-skating,\uf7c5
skateboard,fa-skateboard,\uf7c7
ski,fa-skiing,\uf7c9
ski_jump,fa-ski-jump,\uf7c7
ski_jump_landing,fa-ski-jump,\uf7c7
ski_jumping,fa-ski-jump,\uf7c9
ski_rental,fa-skiing,\uf7c9
ski_school,fa-skiing,\uf7c9
skiing,fa-skiing,\uf7c9
skillion,fa-square,\uf0c8
slaughterhouse,fa-store-alt,\uf54f
sledding,fa-sleigh,\uf7cc
slide,fa-play-circle,\uf144
slide_left,fa-long-arrow-alt-left,\uf30a
slide_right,fa-long-arrow-alt-right,\uf30b
sliding_beam,fa-beer,\uf0fc
sliding_gate,fa-gate,\uf752
slippery,fa-exclamation-triangle,\uf071
slipway,fa-ship,\uf21a
sluice_gate,fa-water,\uf773
slurry,fa-dump-truck,\uf7e6
slurry_basin,fa-poop,\uf619
slurry_tank,fa-industry,\uf275
small_craft_facility,fa-ship,\uf21a
smithy,fa-hammer,\uf6e3
smoking_area,fa-smoking,\uf48d
snack,fa-cookie-bite,\uf563
snooker,fa-bullseye,\uf140
snow,fa-snowflake,\uf2dc
snow_bridge,fa-bridge,\uf6e7
snow_cannon,fa-snowplow,\uf7d2
snow_fence,fa-snowflake,\uf2dc
snow_net,fa-cloud-meatball,\uf73b
snow_removal_station,fa-snowplow,\uf7d2
snowmobile,fa-snowplow,\uf7d2
soakhole,fa-water,\uf773
soccer,fa-futbol,\uf1e3
soccer_golf,fa-futbol,\uf1e3
social,fa-user-friends,\uf500
social_centre,fa-users,\uf0c0
social_centre_for_the_elderly,fa-users,\uf0c0
social_club,fa-users,\uf0c0
social_facility,fa-users,\uf0c0
social_facility_for,fa-users,\uf0c0
social_facility_for_,fa-users,\uf0c0
social_facility_for_disabled,fa-wheelchair,\uf193
social_facility_for_the_elderly,fa-users,\uf0c0
socio,fa-people-carry,\uf4ce
sock,fa-socks,\uf696
softball,fa-baseball-ball,\uf433
soil,fa-globe,\uf0ac
solar,fa-sun,\uf185
solar_photovoltaic_panel,fa-sun,\uf185
solar_thermal_collector,fa-water,\uf773
solarium,fa-sun,\uf185
solid_stop_line,fa-traffic-light,\uf637
soup,fa-soup-bowl,\uf823
soup_kitchen,fa-utensils,\uf2e7
souvenir,fa-gift,\uf06b
soy,fa-seedling,\uf4d2
spa,fa-spa,\uf5bb
spacecraft,fa-space-shuttle,\uf197
spacecraft_propulsion,fa-gas-pump,\uf52f
spaceflight,fa-rocket,\uf135
spaceport,fa-space-shuttle,\uf197
spanish,fa-flag,\uf024
spar,fa-sitemap,\uf0e8
spare_parts,fa-tools,\uf7d9
special_economic_zone,fa-industry,\uf275
speech_therapist,fa-comments-medical,\uf7f4
speed_camera,fa-camera,\uf030
speed_display,fa-tachometer-alt,\uf3fd
speed_limit,fa-tachometer-alt-average,\uf624
speedometer_test,fa-tachometer-alt-fastest,\uf5a8
speedway,fa-car-side,\uf5e4
sphere,fa-globe,\uf0ac
spherical,fa-globe,\uf0ac
spices,fa-pepper-hot,\uf816
spikes,fa-fire,\uf06d
spillway,fa-tint,\uf043
spire,fa-church,\uf51d
split,fa-code-branch,\uf126
spm,fa-anchor,\uf13d
spoil_heap,fa-dumpster,\uf793
sport,fa-football-ball,\uf44e
sport_school,fa-basketball-ball,\uf434
sports,fa-volleyball-ball,\uf45f
sports_centre,fa-volleyball-ball,\uf45f
sports_hall,fa-volleyball-ball,\uf45f
spring,fa-water,\uf773
spring_box,fa-tint,\uf043
sprinkler,fa-spray-can,\uf5bd
sprint,fa-running,\uf70c
spui,fa-undo-alt,\uf2ea
spur,fa-train,\uf238
spur_junction,fa-exchange-alt,\uf362
square,fa-map-marker-alt,\uf3c5
squash,fa-futbol,\uf1e3
stable,fa-horse,\uf6f0
stables,fa-horse,\uf6f0
stadium,fa-futbol,\uf1e3
stage,fa-theater-masks,\uf630
staircase,fa-stairs,\uf009
stairs,fa-stairs,\uf561
stamps,fa-stamp,\uf5bf
stand_builder,fa-hammer,\uf6e3
standard,fa-check,\uf00c
standpipe,fa-fire-hydrant,\uf913
stands,fa-chair-office,\uf6c0
starboard,fa-ship,\uf21a
statcom,fa-sync-alt,\uf2f1
state,fa-map,\uf279
stately,fa-landmark,\uf66f
static_caravan,fa-campground,\uf6bb
static_var,fa-bolt,\uf0e7
station,fa-subway,\uf239
stationery,fa-pen,\uf304
stations_of_the_cross,fa-cross,\uf654
statistics,fa-chart-bar,\uf080
statue,fa-monument,\uf5a6
steak,fa-utensils,\uf2e7
steak_house,fa-drumstick-bite,\uf6d7
steam_generator,fa-cloud,\uf0c2
steam_turbine,fa-fighter-jet,\uf0fb
steelmaking,fa-industry-alt,\uf3ed
steeplechase,fa-horse,\uf6f0
steeplechase_jump,fa-horse,\uf0e0
stele,fa-monument,\uf5a6
step,fa-step-forward,\uf051
stepping_stones,fa-shoe-prints,\uf54b
steps,fa-steps,\uf5a7
stile,fa-sign,\uf4d9
stilt_house,fa-home,\uf015
stockyard,fa-warehouse,\uf494
stolperstein,fa-stop-circle,\uf28d
stomatology,fa-tooth,\uf5c9
stone,fa-hiking,\uf6ec
stone_block,fa-cube,\uf1b2
stone_circle,fa-circle,\uf111
stone_mastic,fa-cubes,\uf1b3
stone_ship,fa-ship,\uf21a
stone_wall,fa-cubes,\uf1b2
stonemason,fa-archway,\uf557
stool,fa-chair,\uf6c0
stop,fa-hand-stop,\uf256
stop_area,fa-bus-alt,\uf55e
stop_position,fa-map-marker-alt,\uf3c5
stopway,fa-road,\uf018
storage,fa-warehouse,\uf494
storage_rental,fa-warehouse,\uf494
storage_tank,fa-industry,\uf275
store,fa-store,\uf54e
stork,fa-dove,\uf4ba
storm_surge_post,fa-exclamation-triangle,\uf71c
stove_fitter,fa-fire-extinguisher,\uf134
straight,fa-arrows-alt-h,\uf337
strandkorb,fa-mbrella-beach,\uf5ca
strawberry,fa-strawberry,\uf7a8
stream,fa-water,\uf773
stream_end,fa-water,\uf773
stream_pool,fa-water,\uf773
street,fa-road,\uf018
street_cabinet,fa-battery-full,\uf240
street_lamp,fa-street-light,\uf669
street_light,fa-street-light,\uf669
street_lighting,fa-lightbulb,\uf0eb
street_side,fa-road,\uf018
street_vendor,fa-store-alt,\uf54f
string_bog,fa-mud-flat,\uf7c5
strip_light,fa-lightbulb,\uf0eb
stripclub,fa-glass-martini-alt,\uf57b
striplight,fa-lightbulb,\uf0eb
stroller_parking,fa-baby-carriage,\uf77d
structure,fa-building,\uf1ad
strudel,fa-utensils,\uf2e7
student,fa-user-graduate,\uf501
student_accommodation,fa-university,\uf19c
student_accomodation,fa-user-graduate,\uf501
students,fa-graduation-cap,\uf19d
studio,fa-microphone,\uf3c9
stupa,fa-church,\uf51d
sty,fa-piggy-bank,\uf4d3
subcounty,fa-building,\uf1ad
submarine_cable,fa-water,\uf773
submersible,fa-water,\uf773
subnational,fa-globe-americas,\uf57d
subsidiary,fa-building,\uf0f7
substation,fa-bolt,\uf0e7
subtownland,fa-map-marker-alt,\uf3c5
suburb,fa-home,\uf015
suburban,fa-home,\uf015
subway,fa-subway,\uf239
subway_entrance,fa-subway,\uf239
suction_point,fa-water,\uf773
sugar,fa-cookie-bite,\uf564
sugarcane,fa-cookie-bite,\uf564
summer_camp,fa-campground,\uf6bb
summer_toboggan,fa-sliders-h,\uf3f0
summit_cross,fa-mountain,\uf6fc
sumo,fa-dumbbell,\uf44b
sump_buster,fa-pump-soap,\uf96e
sun_protection,fa-sun,\uf185
sunbathing,fa-sun,\uf185
sunflower,fa-sunflower,\uf185
super_buoy,fa-buoy,\uf1cd
supermarket,fa-shopping-cart,\uf07a
supervised_injection_site,fa-syringe,\uf48e
support,fa-hands-helping,\uf4c4
surf,fa-person-swimming,\uf5c4
surf_school,fa-person-swimming,\uf5c4
surface,fa-subway,\uf239
surfing,fa-water,\uf773
surge_tank,fa-tachometer-alt,\uf3fd
surgery,fa-procedures,\uf7b7
surgical_oncology,fa-disease,\uf7fa
surveillance,fa-camera,\uf030
survey_point,fa-map-marker-alt,\uf3c5
surveyor,fa-map-marker-alt,\uf3c5
sushi,fa-fish,\uf72e
suspension,fa-road,\uf018
swamp,fa-tree,\uf1bb
sweets,fa-candy-cane,\uf786
swept_area,fa-water,\uf773
swimming,fa-swimmer,\uf5c4
swimming_area,fa-swimming-pool,\uf5c5
swimming_pool,fa-swimming-pool,\uf5c5
swimming_school,fa-swimmer,\uf5c4
swimwear,fa-swimmer,\uf5c4
swing,fa-random,\uf074
swing_gate,fa-gopuram,\uf664
swingerclub,fa-heart,\uf004
synagogue,fa-synagogue,\uf69b
synchronous_condenser,fa-sync-alt,\uf2f1
syringes,fa-syringe,\uf48e
systemic,fa-network-wired,\uf6ff
t,fa-T,\u0054
t_bar,fa-skiing-downhill,\uf7c0
table,fa-table,\uf0ce
table_soccer,fa-futbol,\uf1e3
table_tennis,fa-table-tennis,\uf45d
table_tennis_table,fa-ping-pong,\uf45d
tacan,fa-satellite-dish,\uf7c0
tactile_map,fa-map-marked-alt,\uf5a0
tactile_model,fa-map-marked-alt,\uf5a0
taekwondo,fa-user-ninja,\uf504
tailings_pond,fa-tint-slash,\uf5c7
tailor,fa-tape,\uf4db
tailrace,fa-water,\uf773
tank,fa-gas-pump,\uf52f
tank_trap,fa-dungeon,\uf6d9
tanker,fa-gas-pump,\uf52f
tanning_salon,fa-sun,\uf185
taoist,fa-yin-yang,\uf6ad
tapas,fa-utensils,\uf2e7
tarmac,fa-road,\uf018
tarp,fa-box-open,\uf49e
tartan,fa-crosshairs,\uf05b
tattoo,fa-ink,\uf589
tax,fa-file-invoice-dollar,\uf571
taxi,fa-taxi,\uf1ba
taxi_point,fa-taxi,\uf1ba
taxilane,fa-road,\uf018
taxiway,fa-road,\uf018
tea,fa-mug-hot,\uf7b6
tea_plants,fa-leaf,\uf06c
tea_shop,fa-coffee,\uf0f4
teahouse,fa-coffee,\uf0f4
team_handball,fa-futbol,\uf1e3
tech_cab,fa-cogs,\uf085
technical,fa-cog,\uf013
technology,fa-cogs,\uf085
tee,fa-golf-tee,\uf6f2
teenshelter,fa-home,\uf015
teilauto,fa-car-alt,\uf5de
telecom,fa-broadcast-tower,\uf519
telecommunication,fa-phone,\uf095
telephone,fa-phone,\uf095
telephone_box,fa-phone-square,\uf098
telephone_exchange,fa-phone-alt,\uf879
telephone_vouchers,fa-phone,\uf095
telescope,fa-binoculars,\uf1e5
television,fa-tv,\uf26c
tell,fa-map-marker-alt,\uf3c5
temple,fa-place-of-worship,\uf67f
temporary,fa-clock,\uf017
tennis,fa-tennis-ball,\uf45e
tent,fa-campground,\uf6bb
terminal,fa-terminal,\uf5b0
termination,fa-arrows-alt-h,\uf337
termite_mound,fa-leaf,\uf06c
terrace,fa-home,\uf015
terraced,fa-layer-group,\uf5fd
tertiary,fa-map-marker-alt,\uf3c5
tertiary_link,fa-map-marker-alt,\uf3c5
test,fa-flask,\uf0c3
tetherball,fa-futbol,\uf1e3
tex_mex,fa-pepper-hot,\uf3a4
textbook,fa-book-open,\uf518
thai,fa-pepper-hot,\uf3a4
theatre,fa-theater-masks,\uf630
theme_park,fa-amusement-park,\uf5b0
therapist,fa-thermometer-half,\uf2c9
thermal,fa-temperature-hot,\uf76c
thin_surface_layer,fa-cube,\uf1b2
tholos,fa-igloo,\uf7ae
thoracic_surgery,fa-heart,\uf21e
threshing_floor,fa-drum,\uf569
threshold,fa-road,\uf018
ticket,fa-ticket-alt,\uf3ff
ticket_booth,fa-ticket-alt,\uf3ff
ticket_validator,fa-passport,\uf5ab
tidal,fa-water,\uf773
tidal_channel,fa-water,\uf773
tidalflat,fa-water,\uf773
tide_gauge,fa-tachometer-alt-average,\uf624
tide_scale,fa-tachometer-alt-average,\uf624
tiler,fa-square-full,\uf45c
tiles,fa-square-full,\uf45c
tilt,fa-long-arrow-alt-up,\uf30c
timber,fa-tree,\uf1bb
time_cafe,fa-coffee,\uf0f4
time_signal,fa-clock,\uf017
timezone,fa-clock,\uf017
tinsmith,fa-wrench,\uf0ad
tire_barrier,fa-car-crash,\uf5e1
tobacco,fa-smoking,\uf48d
toboggan,fa-sleigh,\uf7cc
toilet,fa-restroom,\uf7bd
toilets,fa-toilet,\uf7bd
toll,fa-money-bill,\uf0d6
toll_booth,fa-toll,\uf686
toll_gantry,fa-money-bill-wave,\uf53a
tomb,fa-tombstone,\uf720
tool_hire,fa-tools,\uf7d9
toolmaker,fa-hammer,\uf6e3
tools,fa-tools,\uf7d9
toret,fa-torii-gate,\uf6a1
torii,fa-church,\uf51d
totem,fa-road-sign,\uf5a7
touch_football,fa-futbol,\uf1e3
tourism,fa-suitcase-rolling,\uf5c1
tourist,fa-hotel,\uf594
tourist_bus_parking,fa-bus,\uf207
tower,fa-tower,\uf7e8
tower_crane,fa-wrench,\uf0ad
town,fa-building,\uf1ad
townhall,fa-landmark,\uf66f
townland,fa-map-marked-alt,\uf59f
toy_library,fa-dice-d6,\uf6d1
toys,fa-toy-car,\uf1ae
track,fa-running,\uf70c
tracks,fa-train,\uf238
traction,fa-train,\uf238
tractor,fa-tractor,\uf722
trade,fa-handshake,\uf2b5
trade_school,fa-graduation-cap,\uf19d
traffic,fa-traffic-light,\uf637
traffic_island,fa-island-tropical,\uf811
traffic_mirror,fa-map-marker-alt,\uf3c5
traffic_park,fa-car-alt,\uf5de
traffic_signals,fa-traffic-light,\uf637
trail,fa-hiking,\uf6ec
trail_riding_rest,fa-horse,\uf6f0
trail_riding_station,fa-horse,\uf6f0
trailer,fa-trailer,\uf941
trailer_park,fa-caravan,\uf8ff
trailhead,fa-map-marker-alt,\uf3c5
train,fa-train,\uf238
train_station,fa-train,\uf238
train_station_entrance,fa-train,\uf238
training,fa-chalkboard-teacher,\uf51c
training_area,fa-dumbbell,\uf44b
training_wall,fa-road,\uf018
tram,fa-tram,\uf7da
tram_crossing,fa-tram,\uf7da
tram_level_crossing,fa-tram,\uf7da
tram_priority,fa-tram,\uf7da
tram_stop,fa-train,\uf238
trampoline,fa-snowboarding,\uf7ce
trampoline_park,fa-bounce,\uf5f3
transformer_tower,fa-bolt,\uf0e7
transhumance,fa-hiking,\uf6ec
transition,fa-compress-alt,\uf422
translator,fa-language,\uf1ab
transmission,fa-exchange-alt,\uf362
transplant,fa-hand-heart,\uf4c4
transport,fa-shipping-fast,\uf48b
transportation,fa-bus,\uf207
transporter,fa-truck,\uf0d1
transpose,fa-arrows-alt-v,\uf338
trash,fa-trash,\uf1f8
trauma,fa-ambulance,\uf0f9
travel,fa-plane,\uf072
travel_agency,fa-plane-departure,\uf5b0
travel_lift,fa-wrench,\uf0ad
traversable,fa-route,\uf4d7
traverser,fa-exchange-alt,\uf362
treaty,fa-file-signature,\uf573
tree,fa-tree-alt,\uf400
tree_group,fa-tree,\uf1bb
tree_house,fa-tree-house,\uf6d8
tree_row,fa-tree-alt,\uf2b4
tree_shrine,fa-tree-alt,\uf400
tree_stump,fa-tree-stump,\uf5d8
trees,fa-tree,\uf1bb
trench,fa-grip-lines-vertical,\uf7a5
trestle,fa-road,\uf018
triangulation,fa-compass,\uf14e
triple_jump,fa-shoe-prints,\uf54b
triumph,fa-motorcycle,\uf21c
trivision_blades,fa-cubes,\uf1b2
trolley_bay,fa-shopping-cart,\uf07a
trolleybus,fa-bus-alt,\uf55e
trophy,fa-trophy,\uf091
tropical,fa-umbrella-beach,\uf5ca
truck,fa-truck-pickup,\uf63c
truck_repair,fa-tools,\uf7d9
trugo,fa-futbol,\uf1e3
trullo,fa-home,\uf015
trunk,fa-tree,\uf1bb
trunk_link,fa-tree,\uf1bb
truss,fa-road,\uf018
tuition,fa-money-bill-wave,\uf53a
tumulus,fa-mountain,\uf6fc
tundra,fa-snowflake,\uf2dc
tunnel,fa-road-tunnel,\uf7e3
tunnel_tube,fa-road,\uf018
turbary,fa-leaf,\uf06c
turbo,fa-car,\uf1b9
turf,fa-futbol,\uf1e3
turkish,fa-coffee,\uf0f4
turn,fa-angle-double-right,\uf101
turner,fa-lathe,\uf6ec
turning_circle,fa-undo-alt,\uf2ea
turning_loop,fa-undo,\uf0e2
turning_point,fa-water,\uf773
turning_prohibited,fa-ban,\uf05e
turnlanes_turns,fa-exchange-alt,\uf362
turnoff_left,fa-arrow-alt-circle-left,\uf359
turnoff_right,fa-arrow-alt-circle-right,\uf35a
turns,fa-random,\uf074
turnstile,fa-turnstile,\uf578
turntable,fa-exchange-alt,\uf362
tutoring,fa-chalkboard-teacher,\uf51c
tyres,fa-tire,\uf631
u,fa-U,\u0055
ultimate,fa-futbol,\uf1e3
ultralight_aviation,fa-plane-alt,\uf3dd
umbrellas,fa-umbrella,\uf0e9
unclassified,fa-map-signs,\uf277
uncontrolled,fa-exclamation-triangle,\uf71a
undefined,fa-question,\uf128
underground,fa-subway,\uf239
underwater,fa-water,\uf773
underwear,fa-tshirt,\uf553
unexploded_ordnance,fa-bomb,\uf1e2
unhewn_cobblestone,fa-road,\uf018
unidentified,fa-question,\uf128
unintensified,fa-bullseye,\uf140
union,fa-users,\uf0c0
unisex,fa-restroom,\uf7bd
university,fa-university,\uf19c
unknown,fa-question-circle,\uf059
unleashed,fa-dog,\uf6d3
unmarked,fa-times,\uf00d
unpaved,fa-road,\uf018
unreliable,fa-exclamation-circle,\uf06a
up,fa-arrow-up,\uf062
upholsterer,fa-couch,\uf4b8
upper,fa-level-up-alt,\uf3bf
upright_cross,fa-cross,\uf654
urban,fa-city,\uf64f
urology,fa-toilet,\uf7d8
use_sidepath,fa-road,\uf018
utility_pole,fa-bolt,\uf0e7
v,fa-V,\u0056
vacant,fa-building,\uf1ad
vaccination,fa-syringe,\uf48e
vaccination_centre,fa-syringe,\uf48e
vacuum_cleaner,fa-vacuum,\uf94d
valley,fa-mountain,\uf6fc
valve,fa-circle-notch,\uf1ce
variable_message,fa-file-alt,\uf15c
variety_store,fa-shopping-bag,\uf290
vascular_surgery,fa-arteries,\uf5a0
vault,fa-door-closed,\uf52a
vehicle,fa-car,\uf1b9
vehicle_inspection,fa-car-crash,\uf5e1
vehicle_ramp,fa-road,\uf018
vending_machine,fa-shopping-cart,\uf07a
venereology,fa-bacterium,\uf959
venta,fa-store-alt,\uf54f
ventilation_shaft,fa-fan,\uf863
venue,fa-map-marker-alt,\uf3c5
vertical,fa-arrows-alt-v,\uf338
vertical_axis,fa-wind-turbine,\uf89c
veterans,fa-medal,\uf5a2
veterinary,fa-paw,\uf1b0
veterinary_pharmacy,fa-veterinarian,\uf6f0
via_ferrata,fa-mountain,\uf6fc
viaduct,fa-road,\uf018
vice_county,fa-map-marker-alt,\uf3c5
video,fa-video,\uf03d
video_games,fa-gamepad,\uf11b
video_wall,fa-video,\uf03d
vietnamese,fa-utensils,\uf2e7
viewpoint,fa-binoculars,\uf1e5
viktorija_zdenac,fa-monument,\uf5a6
village,fa-home,\uf015
village_green,fa-tree,\uf1bb
village_hall,fa-users,\uf0c0
village_swing,fa-campground,\uf6bb
vineyard,fa-wine-glass-alt,\uf5ce
vintage,fa-utensils,\uf2e7
virtual_aton,fa-flag,\uf024
visa,fa-passport,\uf5ab
visitor,fa-user,\uf007
visitor_berth,fa-anchor,\uf13d
visitor_centre,fa-info-circle,\uf05a
vivarium,fa-fish,\uf578
volcanic_caldera_rim,fa-mountain,\uf6fc
volcanic_lava_field,fa-fire,\uf06d
volcanic_vent,fa-mountain,\uf6fc
volcano,fa-mountain-fire,\uf6f9
volleyball,fa-volleyball-ball,\uf45f
voltage_regulator,fa-plug,\uf1e6
vor,fa-satellite-dish,\uf7c0
vortac,fa-satellite-dish,\uf7c0
w,fa-W,\u0057
waffle,fa-waffle,\uf7e8
wakeboarding,fa-water,\uf773
wall,fa-border-all,\uf84c
wall_loops,fa-border-style,\uf853
wall_painting,fa-paint-roller,\uf5aa
wallace,fa-landmark,\uf66f
wallow,fa-horse-head,\uf7ab
war,fa-gavel,\uf0e3
war_cemetery,fa-tombstone,\uf720
war_grave,fa-skull-crossbones,\uf714
war_memorial,fa-monument,\uf5a6
warehouse,fa-warehouse,\uf494
warning,fa-exclamation-triangle,\uf071
wash,fa-shower,\uf2cc
washing_machine,fa-washer,\uf898
washout,fa-water,\uf773
waste,fa-trash,\uf1f8
waste_basket,fa-trash-alt,\uf2ed
waste_collection,fa-trash-alt,\uf2ed
waste_disposal,fa-dumpster,\uf793
waste_dump_site,fa-trash-alt,\uf2ed
waste_transfer_station,fa-trash,\uf1f8
wastewater,fa-dumpster,\uf793
wastewater_basin,fa-poop,\uf619
wastewater_plant,fa-industry-alt,\uf783
watches,fa-clock,\uf017
watchmaker,fa-watch,\uf017
watchtower,fa-binoculars,\uf1e5
water,fa-tint,\uf043
water_crane,fa-shower,\uf2cc
water_hazard,fa-water,\uf773
water_park,fa-swimming-pool,\uf5d5
water_point,fa-tint,\uf043
water_polo,fa-futbol,\uf1e3
water_protection_area,fa-tint-slash,\uf5b7
water_pumped_storage,fa-water,\uf773
water_regeneration,fa-water,\uf773
water_rescue,fa-life-ring,\uf1cd
water_ski,fa-water,\uf773
water_slide,fa-water,\uf773
water_sports,fa-swimmer,\uf5c4
water_storage,fa-tint,\uf043
water_tank,fa-truck-loading,\uf4de
water_tap,fa-tint,\uf043
water_tower,fa-tint,\uf043
water_well,fa-faucet,\uf905
water_well_drilling,fa-water,\uf773
water_works,fa-tint,\uf043
waterfall,fa-waterfall,\uf77c
watering_place,fa-water,\uf773
watermill,fa-industry,\uf275
waterway,fa-water,\uf773
waterway_gauge,fa-tachometer-alt-average,\uf624
waterway_left,fa-shipping-fast,\uf48b
waterway_right,fa-shipping-fast,\uf48b
waterway_separation,fa-grip-lines,\uf7d4
wave,fa-water,\uf773
wayside_cross,fa-church,\uf51d
wayside_shrine,fa-church,\uf51d
weapons,fa-crosshairs,\uf05b
weather,fa-umbrella,\uf0e9
weather_shelter,fa-umbrella,\uf0e9
weaver,fa-thread,\uf639
webcam,fa-video,\uf03d
wedding,fa-ring,\uf70b
wedge,fa-wedge-merge,\uf6e6
weighbridge,fa-weight-hanging,\uf5cd
weightlifting,fa-dumbbell,\uf44b
weir,fa-water,\uf773
welder,fa-welding,\uf500
well,fa-water,\uf773
well_cluster,fa-water,\uf773
wellness,fa-heartbeat,\uf21e
wellsite,fa-water,\uf773
wet,fa-water,\uf773
wet_meadow,fa-wheat,\uf72d
wet_riser,fa-water,\uf773
wetland,fa-water,\uf773
wetterpilz,fa-umbrella,\uf0e9
wheat,fa-wheat,\uf72e
wheatm,fa-ear-wheat,\uf72a
wheel,fa-circle,\uf111
whirlpool,fa-swimming-pool,\uf5c5
whistle,fa-volume-up,\uf028
wholesale,fa-box-open,\uf49e
wicket_gate,fa-gopuram,\uf664
wifi,fa-wifi,\uf1eb
wigs,fa-user-secret,\uf21b
wilderness_hut,fa-mountain,\uf6fc
wildlife_crossing,fa-deer,\uf78e
wildlife_hide,fa-binoculars,\uf1e5
wildlife_opening,fa-hiking,\uf6ec
wildlife_park,fa-tree,\uf1bb
wind,fa-wind,\uf72e
wind_turbine,fa-wind-turbine,\uf89b
winding_posters,fa-scroll,\uf70e
windmill,fa-windmill,\uf902
windmotor,fa-wind-turbine,\uf89b
window_blind,fa-blinds,\uf8fb
window_construction,fa-window-maximize,\uf2d0
window_tinting,fa-sun,\uf185
windpump,fa-windmill,\uf902
windsock,fa-windsock,\uf7d7
windsurfing,fa-wind,\uf72e
wine,fa-wine-bottle,\uf72f
wine_cellar,fa-wine-bottle,\uf72f
winery,fa-wine-bottle,\uf72f
wings,fa-drumstick-bite,\uf6d7
winter_sports,fa-skiing-nordic,\uf7ca
wired,fa-network-wired,\uf6ff
withy,fa-tree,\uf1bb
wlan,fa-wifi,\uf1eb
women,fa-female,\uf182
women_men,fa-users,\uf0c0
women_men_children,fa-users,\uf0c0
wood,fa-tree,\uf1bb
woodchips,fa-tree,\uf1bb
wool,fa-socks,\uf695
works,fa-industry,\uf275
workshop,fa-tools,\uf7d9
workwear,fa-hard-hat,\uf807
worship,fa-place-of-worship,\uf67f
wreck,fa-car-crash,\uf5e1
wrestling,fa-wrestling,\uf628
x,fa-X,\u0058
y,fa-Y,\u0059
yacht,fa-ship,\uf21a
yacht_club,fa-ship,\uf21a
yard,fa-warehouse,\uf494
yes,fa-check-circle,\uf058
yoga,fa-om,\uf67c
youth,fa-child,\uf1ae
youth_bench,fa-chair,\uf6c0
youth_center,fa-users,\uf0c0
youth_centre,fa-users,\uf0c0
youth_movement,fa-people-carry,\uf4ce
youth_welfare_department,fa-child,\uf1ae
z,fa-Z,\u005A
zebra,fa-zebra,\uf3f8
zement,fa-building,\uf1ad
zero,fa-motorcycle,\uf21c
zip_line,fa-route,\uf4d7
zoo,fa-otter,\uf700
zoroastrian,fa-fire,\uf06d
zuppinger_water_wheel,fa-water,\uf773
zurkhaneh_sport,fa-drum-steelpan,\uf56a